entry_date,entry_zscore,direction,position_size,beta,token_oz,futures_contracts,futures_oz,entry_mid_a,entry_mid_b,entry_spread_a,entry_spread_b,entry_impact_a,entry_impact_b,entry_token_notional,entry_futures_notional,entry_volume_a,entry_volume_b,entry_side_a,entry_side_b,entry_price_a,entry_price_b,entry_slippage_a,entry_slippage_b,entry_exec_cost_a,entry_exec_cost_b,entry_fees,exit_date,exit_zscore,exit_mid_a,exit_mid_b,exit_spread_a,exit_spread_b,exit_impact_a,exit_impact_b,exit_token_notional,exit_futures_notional,exit_volume_a,exit_volume_b,exit_beta,exit_side_a,exit_side_b,exit_price_a,exit_price_b,exit_slippage_a,exit_slippage_b,exit_exec_cost_a,exit_exec_cost_b,holding_period,pnl_a,pnl_b,net_pnl,total_slippage,exit_fees,total_fees,total_costs,net_pnl_after_costs,entry_value,return_pct,total_execution_cost,execution_cost_bps,fees_bps
2020-03-12,3.452174245861012,short,1.0,1.0,30.0,3,30,1632.6500244140625,1589.300048828125,1.2250933042203385,0.10208824844132355,0.9795901339358479,0.9547519042968751,48979.500732421875,47679.00146484375,41060075462.94763,4068608.125,sell,buy,1631.0578876280165,1590.3058448566426,1.5921367860460123,1.0057960285175795,47.76410358138037,30.173880855527386,53.4317366288405,2020-03-17,-1.4701604107103652,1506.808349609375,1524.9000244140625,10.417007588340004,0.2647445836256451,0.9040992254844191,0.9173990310418801,45204.25048828125,45747.000732421875,317987793.25146484,1860378.0297851562,1.0,buy,sell,1512.9209526290294,1523.8502530912078,6.112603019654443,1.0497713228546672,183.3780905896333,31.493139685640017,5,3544.1080499696113,-1993.6677529630424,1550.440297006569,292.8092147121811,49.88762857887089,103.31936520771139,103.31936520771139,1447.1209317988576,48979.500732421875,2.954544064678346,292.8092147121811,59.78199253434951,21.094409633154825
2020-04-09,-2.7220707559642676,long,1.0,1.0,30.0,3,30,1672.2393798828125,1736.199951171875,1.7932405123218218,0.7031276811997539,1.003356528935966,1.0420836070667614,50167.181396484375,52085.99853515625,388862545.3979492,14323649.597167969,buy,sell,1674.1393566679094,1734.8063037242082,1.8999767850968965,1.3936474476668081,56.999303552906895,41.809423430004244,54.72418070003728,2020-04-24,0.4662119153304655,1734.6575927734375,1723.5,4.711520771292189,0.6477497776469442,1.0407963149637205,1.0354574660633484,52039.727783203125,51705.0,2957979758.979492,3808935.0,1.0,sell,buy,1731.2610360728277,1724.8593323548866,3.3965567006098354,1.3593323548866465,101.89670101829506,40.779970646599395,15,1713.650382147548,298.40914107964636,2012.0595232271944,241.4853986478056,56.43783108218483,111.16201178222211,111.16201178222211,1900.8975114449722,50167.181396484375,3.7891255967156723,241.4853986478056,48.13613041946352,22.158313201548957
2020-06-30,-2.027790608502895,long,1.0,1.0,30.0,3,30,1776.6971435546875,1793.0,0.0,0.12886944546830278,1.0660519350179127,1.0761042596348884,53300.914306640625,53790.0,158403210.53076172,17678980.0,buy,sell,1777.7631954897054,1791.859461017631,1.0660519350178674,1.1405389823689802,31.981558050536023,34.216169471069406,57.83289586469117,2020-07-09,0.26422927425236903,1796.0194091796875,1799.199951171875,0.580446584307712,0.24201730783253514,1.0776389783673763,1.0802775464607008,53880.582275390625,53975.99853515625,197127498.31274414,7124831.806640625,1.0,sell,buy,1794.6515469091664,1800.401237372252,1.3678622705210728,1.2012862003768987,41.035868115632184,36.03858601130696,9,506.6505425838318,-256.25329063862637,250.39725194520543,143.27218164854457,58.33954640727499,116.17244227196616,116.17244227196616,134.22480967323926,53300.914306640625,0.2518245914151543,143.27218164854457,26.87987317146165,21.795581517349795
2020-08-05,-2.8171618661460274,long,1.0,1.0,30.0,3,30,1997.2939453125,2031.0999755859375,1.9854464468519866,0.18238706187067216,1.1983778449486722,1.2188709558156976,59918.818359375,60932.999267578125,4054702443.7910156,28882241.65283203,buy,sell,1999.4850463808748,2029.7899110991866,2.191101068374792,1.310064486750889,65.73303205124375,39.30193460252667,64.48455139142624,2020-08-10,0.36653995686431895,2013.984130859375,2024.4000244140625,0.0,0.10420224264560284,1.2083949769816482,1.2159275682965063,60419.52392578125,60732.000732421875,1343113932.965332,4716852.056884766,1.0,sell,buy,2012.7757358823933,2025.6680531036818,1.2083949769817082,1.2680286896193138,36.251849309451245,38.040860688579414,5,398.720685045555,123.65573986514391,522.3764249106989,179.32767665180108,64.8832720764718,129.36782346789803,129.36782346789803,393.0086014428009,59918.818359375,0.655901788793053,179.32767665180108,29.92844010645333,21.590516470466568
2020-08-20,2.219576449446576,short,1.0,1.0,30.0,3,30,1955.01318359375,1933.800048828125,2.382141321934861,0.29330242891254305,1.1730251836006325,1.1631102179761204,58650.3955078125,58014.00146484375,339540824.6870117,2049828.0517578125,sell,buy,1952.649087749182,1935.1098102605574,2.3640958445680553,1.309761432432424,70.92287533704166,39.29284297297272,63.07947263247546,2020-09-08,-2.6943547366609595,1900.406982421875,1933.0,0.9208763890851895,0.0,1.1402515323697804,1.1609070110701107,57012.20947265625,57990.0,776424575.517334,5238430.0,1.0,buy,sell,1902.0076721487874,1931.83909298893,1.6006897269123783,1.160907011070094,48.02069180737135,34.82721033210282,19,1519.242468011837,-98.12151814882554,1421.1209498630114,193.06362044948855,61.560230164463626,124.63970279693908,124.63970279693908,1296.4812470660725,58650.3955078125,2.2105243039552485,193.06362044948855,32.917701368914315,21.251297918414977
2020-10-06,-2.1399672162863848,long,1.0,1.0,30.0,3,30,1876.963623046875,1901.0999755859375,0.5252321586158764,0.0,1.1267492760554239,1.1409699027069344,56308.90869140625,57032.999267578125,9859689.911865234,18402647.763671875,buy,sell,1878.3529884022385,1899.9590056832305,1.3893653553634522,1.1409699027069564,41.680960660903565,34.22909708120869,60.85058965206715,2020-10-08,0.32851958038749757,1887.031005859375,1888.5999755859375,4.0133492278418474,0.3705574860755852,1.132704512164799,1.1340220543170798,56610.93017578125,56657.999267578125,11650529.430175781,6572327.9150390625,1.0,sell,buy,1883.8916267332893,1889.9192763832923,3.1393791260857142,1.3193007973547992,94.18137378257143,39.57902392064398,2,166.159149931525,301.19187899814733,467.35102892967234,209.67045544532766,61.01674880199868,121.86733845406583,121.86733845406583,345.4836904756065,56308.90869140625,0.6135506769789938,209.67045544532766,37.23575191172674,21.64263902217394
2020-10-28,2.047445458336015,short,1.0,1.0,30.0,3,30,1885.8529052734375,1876.199951171875,0.8235015636861882,0.14267143540950541,1.1315425908587116,1.1268030031940997,56575.587158203125,56285.99853515625,183402966.74365234,5197073.864746094,sell,buy,1884.3096119007357,1877.3980898927737,1.5432933727017826,1.198138720898669,46.29880118105348,35.94416162696007,61.029288357022075,2020-11-10,-0.0860087613291547,1872.2158203125,1875.4000244140625,0.025498267476412727,0.0,1.1233434433398652,1.1263269711701767,56166.474609375,56262.000732421875,402593801.13671875,5176104.0673828125,1.0,buy,sell,1873.351912889578,1874.2736974428924,1.1360925770779886,1.1263269711701014,34.08277731233966,33.78980913510304,13,328.73097033473186,-93.73177349643811,234.99919683829376,150.11554925545624,60.700557386687336,121.7298457437094,121.7298457437094,113.26935109458435,56575.587158203125,0.20020888299019796,150.11554925545624,26.533626391836815,21.516320352684012
2020-11-11,2.31983590170121,short,1.0,1.0,30.0,3,30,1882.02197265625,1860.699951171875,10.351160056237227,1.3157908608019278,1.1292180738084303,1.1177713220544765,56460.6591796875,55820.99853515625,1154564019.5654297,4130753.8916015625,sell,buy,1875.7171745543228,1862.4756179243304,6.30479810192719,1.775666752455436,189.1439430578157,53.27000257366308,60.77151523662968,2020-11-17,-0.7371748822340767,1881.03125,1884.5,0.187329440350031,0.03701085988320749,1.1286276058532763,1.135784745762712,56430.9375,56535.0,637216265.21875,1111855.0,1.0,buy,sell,1882.2535423260283,1883.3457098242957,1.2222923260283096,1.1542901757043182,36.66876978084929,34.62870527112955,6,-196.091033151165,626.1027569989574,430.0117238477924,313.7114206834576,60.96760626978085,121.73912150641053,121.73912150641053,308.27260234138186,56460.6591796875,0.5459954007272504,313.7114206834576,55.5628335271579,21.561760573671776
2020-11-27,2.240521210882055,short,1.0,1.0,30.0,3,30,1816.2906494140625,1781.9000244140625,3.344199339188543,0.33403677177957153,1.0897951886057164,1.0691441926886582,54488.719482421875,53457.000732421875,261978130.69018555,1279475493.5302734,sell,buy,1813.5287545558626,1783.136186992641,2.7618948581998666,1.2361625785783872,82.856845745996,37.084877357351616,58.90586263667588,2020-11-30,-0.17250487413462212,1785.12548828125,1775.699951171875,0.49545604489016365,0.0,1.0710919592650545,1.0655153602102791,53553.7646484375,53270.99853515625,321329728.3925781,55845763.46435547,1.0,buy,sell,1786.44430826296,1774.6344358116646,1.3188199817100212,1.0655153602103837,39.56459945130064,31.965460806311512,3,812.5333887870784,-255.05253542928813,557.4808533577902,191.47178336095976,58.0933292478888,116.99919188456468,116.99919188456468,440.4816614732256,54488.719482421875,0.808390554333591,191.47178336095976,35.139710600600324,21.472185985634837
2020-12-21,2.1033865778293124,short,1.0,1.0,30.0,3,30,1921.31201171875,1879.199951171875,4.218341914653604,0.1954793721651964,1.1527955560886416,1.1297258530560663,57639.3603515625,56375.99853515625,690369674.6748047,2555711.93359375,sell,buy,1918.0500452053345,1880.4274167110136,3.261966513415473,1.2274655391386204,97.85899540246419,36.82396617415861,62.04150135616003,2020-12-22,-0.4223926162131944,1879.27880859375,1866.5999755859375,0.0,0.0,1.1275844028748006,1.1212475389996313,56378.3642578125,55997.999267578125,329356766.15771484,4349177.943115234,1.0,buy,sell,1880.4063929966248,1865.478728046938,1.1275844028748452,1.1212475389995689,33.827532086245355,33.637426169987066,1,1129.3095662612905,-448.4606599222707,680.8489063390198,202.14791983285522,60.91219178989875,122.95369314605878,122.95369314605878,557.895213192961,57639.3603515625,0.967906669661433,202.14791983285522,35.07115946462361,21.331550592532857
2021-01-04,-2.12016158202259,long,1.0,1.0,30.0,3,30,1937.5985107421875,1944.699951171875,0.19530704556210426,0.21047343171141447,1.162561982146025,1.168768022651177,58127.955322265625,58340.99853515625,2021349268.7705078,2994837.9248046875,buy,sell,1938.8587262471144,1943.4259464333682,1.2602155049269186,1.2740047385068465,37.80646514780756,38.220142155205394,62.66576178741343,2021-01-06,1.1050167869654597,1941.852783203125,1906.9000244140625,2.9329178878007776,0.38151083279162795,1.1651143824949224,1.1450463590593136,58255.58349609375,57207.000732421875,2147613445.9641113,6311839.080810547,1.0,sell,buy,1939.2212098767297,1908.2358261895176,2.631573326395255,1.3358017754551383,78.94719979185766,40.07405326365415,2,10.874508888459786,1055.7036073155155,1066.5781162039752,195.04786035852476,62.67663629630189,125.34239808371532,125.34239808371532,941.2357181202599,58127.955322265625,1.6192479382802654,195.04786035852476,33.55491506232504,21.56318717711778
2021-02-25,-2.285196271466041,long,1.0,1.0,30.0,3,30,1765.0155029296875,1774.4000244140625,1.804619766837438,0.07148777927667965,1.0590115135502047,1.0649260013023936,52950.465087890625,53232.000732421875,2394007017.6467285,18613456.256103516,buy,sell,1766.9768243266562,1773.2993545231218,1.9613213969687422,1.1006698909407078,58.839641909062266,33.02009672822123,57.50930472979969,2021-02-26,1.6036316252200558,1742.1884765625,1728.0999755859375,1.8885453940624901,0.04822747570543819,1.0453141409274442,1.0370483092687,52265.654296875,51842.999267578125,4954137675.418945,27528632.611083984,1.0,sell,buy,1740.1988897245412,1729.161137633059,1.9895868379587682,1.0611620471215701,59.68760513876305,31.834861413647104,1,-803.3380380634503,1324.1465067018817,520.8084686384313,183.38220518969365,56.705966691736236,114.21527142153593,114.21527142153593,406.5931972168954,52950.465087890625,0.7678746476390823,183.38220518969365,34.632784600721436,21.570211183594704
2021-03-01,2.5448180188790235,short,1.0,1.0,30.0,3,30,1746.3590087890625,1722.5,3.127199857199329,0.43201726136998864,1.0478174183787532,1.0342371007371007,52390.770263671875,51675.0,2602485317.4627686,7010575.0,sell,buy,1743.747591442084,1723.750245731422,2.611417346978442,1.2502457314219555,78.34252040935326,37.507371942658665,56.812427743262525,2021-03-03,-0.8488528859447954,1713.39501953125,1715.300048828125,2.05749355747097,0.18152335804238318,1.0280384757982906,1.0297788316920846,51401.8505859375,51459.00146484375,3510864619.275879,8593653.244628906,1.0,buy,sell,1715.4518047857837,1714.1795083174118,2.056785254533679,1.1205405107132265,61.70355763601037,33.616215321396794,2,848.8735996890114,-287.12212242030546,561.7514772687059,211.1696653094191,55.96355414357351,112.77598188683604,112.77598188683604,448.9754953818699,52390.770263671875,0.8569744119475041,211.1696653094191,40.306654062661416,21.52592552452616
2021-03-15,-2.212814759690059,long,1.0,1.0,30.0,3,30,1714.7188720703125,1728.9000244140625,1.482289388786781,0.19858737227360126,1.0288335229943488,1.0393808309749681,51441.566162109375,51867.000732421875,2338516450.5407715,2541483.035888672,buy,sell,1716.4888502877002,1727.7613498969506,1.7699782173876883,1.1386745171118946,53.09934652163065,34.16023551335684,55.99466550863101,2021-03-17,1.9056873480814331,1747.704345703125,1726.800048828125,1.0285427207973497,0.04245183928125464,1.0486247676627851,1.0366947833952356,52431.13037109375,51804.00146484375,2427096446.8256836,8426784.23828125,1.0,sell,buy,1746.1414495750635,1727.8579695311607,1.5628961280615385,1.0579207030357338,46.886883841846156,31.737621091072015,2,889.5779786208982,-2.8985890263038527,886.6793895945943,165.88408696790566,56.8842434872519,112.87890899588291,112.87890899588291,773.8004805987114,51441.566162109375,1.5042319632341876,165.88408696790566,32.24709108683629,21.94313226004126
2021-04-01,-2.0958400652194165,long,1.0,1.0,30.0,3,30,1711.4864501953125,1726.5,0.0,0.0,1.0268945180973523,1.0363166666666668,51344.593505859375,51795.0,1939009747.3978271,12430800.0,buy,sell,1712.5133447134099,1725.4636833333334,1.0268945180973788,1.0363166666666075,30.806835542921363,31.089499999998225,55.8754003414023,2021-04-05,0.38561590508508725,1731.1055908203125,1727.0,4.544277572228758,0.4043894729465362,1.0387075625056268,1.0372909090909093,51933.167724609375,51810.0,117474556.49865723,4749250.0,1.0,sell,buy,1727.7947444716926,1728.2394856455642,3.3108463486198616,1.239485645564173,99.32539045859585,37.18456936692519,4,458.4419927484828,-83.27406936692341,375.1679233815594,198.40629536844062,56.33384233415078,112.20924267555307,112.20924267555307,262.9586807060063,51344.593505859375,0.5121448291843966,198.40629536844062,38.64210072006876,21.85414958300291
2021-05-19,-3.4694044382144202,long,1.0,1.0,30.0,3,30,1865.07666015625,1881.300048828125,1.5315366461319482,0.27639282270837023,1.119046511048641,1.1296420982623923,55952.2998046875,56439.00146484375,10865475948.135254,6546924.169921875,buy,sell,1866.9614749903646,1880.0322103185085,1.8848148341146498,1.2678385096164675,56.54444502343949,38.035155288494025,60.50884424971095,2021-05-21,0.3245651088722399,1878.3204345703125,1876.699951171875,3.812687922991575,0.01600514990010673,1.1269945949656381,1.186019970703125,56349.613037109375,56300.99853515625,2414062502.2001953,93834.99755859375,1.0,sell,buy,1875.287096013851,1877.8939737175283,3.0333385564615583,1.1940225456532971,91.00015669384675,35.820676369598914,2,249.76863070458876,64.14709802940706,313.9157287339958,221.40043337537918,60.758612880415534,121.26745713012647,121.26745713012647,192.64827160386935,55952.2998046875,0.3443080485991568,221.40043337537918,39.56949654406001,21.67336419654498
2021-06-14,3.378583984051188,short,1.0,1.0,30.0,3,30,1889.40966796875,1864.0,11.61807803527128,0.04877216448755948,1.1336635149454957,1.1257170731707318,56682.2900390625,55920.0,319982863.7285156,764240.0,sell,buy,1882.466965436169,1865.1501031554146,6.942702532581052,1.1501031554146266,208.28107597743156,34.5030946624388,60.97400896308507,2021-06-16,-3.0892411707530183,1812.021728515625,1859.5,2.931848020007836,0.10517046720720699,1.0872273348064927,1.1182641025641025,54360.65185546875,55785.0,380205647.1640625,2175615.0,1.0,buy,sell,1814.5748798604354,1858.3291506638323,2.5531513448104306,1.1708493361677483,76.59454034431292,35.12548008503245,2,2036.7625672720055,-204.62857474747125,1832.1339925245343,354.5041910692157,58.93724639581306,119.91125535889813,119.91125535889813,1712.222737165636,56682.2900390625,3.0207366992153295,354.5041910692157,62.542319801283575,21.15497720297848
2021-08-02,-2.1313596394206327,long,1.0,1.0,30.0,3,30,1812.9796142578125,1818.0999755859375,1.6717782172856912,0.06492845823206865,1.0878203634329457,1.0910848729077844,54389.388427734375,54542.999267578125,166864830.7166748,24253453.674316406,buy,sell,1814.9033237298881,1816.9764264839139,1.9237094720756431,1.1235491020236168,57.711284162269294,33.706473060708504,58.94709971189665,2021-08-03,0.5594944047208565,1811.781982421875,1810.0999755859375,1.7455246795229493,0.15508190361213756,1.0870950517450413,1.08614977882657,54353.45947265625,54302.999267578125,210164898.17895508,60475440.18432617,1.0,sell,buy,1809.8221250303684,1811.2636663165702,1.9598573915066027,1.163690730632652,58.79572174519808,34.91072191897956,1,-152.43596098559237,171.38280502031193,18.94684403471956,185.12420088715544,58.794663750911056,117.74176346280771,117.74176346280771,-98.79491942808815,54389.388427734375,-0.18164374022950108,185.12420088715544,34.036823402256985,21.647929286656318
2021-08-09,2.1239217354887616,short,1.0,1.0,30.0,3,30,1729.8028564453125,1723.4000244140625,1.404295772720522,0.17184224772049353,1.0378876827217045,1.0342250855922994,51894.085693359375,51702.000732421875,869414483.8751221,27936314.395751953,sell,buy,1728.0628208762305,1724.520170623515,1.7400355690820106,1.120146209452514,52.20106707246032,33.60438628357542,56.34188462628691,2021-08-16,-0.11780696021888162,1787.9517822265625,1786.9000244140625,0.8883086225938217,0.16083924407545433,1.0727923417073815,1.0735098776621361,53638.553466796875,53607.000732421875,252151263.94384766,3913311.053466797,1.0,buy,sell,1789.4687288795667,1785.7460949143626,1.5169466530041973,1.1539294996998706,45.50839959012592,34.61788499099612,7,-1842.1772401000862,1836.7777287254285,-5.399511374657777,165.93173793715778,58.184061866387,114.52594649267391,114.52594649267391,-119.92545786733169,51894.085693359375,-0.23109658117105614,165.93173793715778,31.97507687439442,22.06917126730093
2021-09-03,-2.123486303000319,long,1.0,1.0,30.0,3,30,1824.305419921875,1830.9000244140625,0.466828469558152,0.026729537063959745,1.094602458713905,1.104200392006928,54729.16259765625,54927.000732421875,284947385.06469727,970377.0129394531,buy,sell,1825.633436615368,1829.7824592535235,1.3280166934930548,1.1175651605390158,39.840500804791645,33.52695481617047,59.26900309846104,2021-09-13,0.0632208629468036,1790.9305419921875,1792.0,0.4022263201837604,0.14297143029769324,1.0745711841200491,1.075762851782364,53727.916259765625,53760.0,417825886.37731934,9551360.0,1.0,sell,buy,1789.6548576479756,1793.1472485669312,1.275684344211868,1.147248566931239,38.27053032635604,34.41745700793717,10,-1079.3573690217727,1099.0563205977674,19.69895157599467,146.05544295525533,58.18964572943927,117.4586488279003,117.4586488279003,-97.75969725190564,54729.16259765625,-0.17862450768814092,146.05544295525533,26.686950068830413,21.461802675732958
2021-09-17,2.098476725571014,short,1.0,1.0,30.0,3,30,1755.434814453125,1749.4000244140625,0.9662525746972698,0.13918461235734675,1.0532972677417836,1.0501563657671984,52663.04443359375,52482.000732421875,144761931.97387695,10164014.141845703,sell,buy,1753.8983908980347,1750.5197730860084,1.5364235550903231,1.1197486719458993,46.092706652709694,33.59246015837698,57.116951726941046,2021-09-22,-1.9684603372885658,1766.790283203125,1776.699951171875,1.8403973224282382,0.10863732337312956,1.0600879886932941,1.0836670295266544,53003.70849609375,53300.99853515625,383563103.3222656,302038.99169921875,1.0,buy,sell,1768.7705698530324,1775.561965480662,1.9802866499073843,1.137985691213089,59.40859949722153,34.13957073639267,5,-446.1653686499312,751.2657718396053,305.1004031896741,173.23333704470087,57.56311709559097,114.68006882253201,114.68006882253201,190.42033436714212,52663.04443359375,0.3615824653040245,173.23333704470087,32.89466815066911,21.776194303984752
2021-09-29,2.2234426883424274,short,1.0,1.0,30.0,3,30,1730.1434326171875,1721.5,0.981403937052302,0.16569137839152764,1.038109164218968,1.0329452215857704,51904.302978515625,51645.0,224648743.8647461,114204310.0,sell,buy,1728.6146214844425,1722.6157909107815,1.528811132744977,1.1157909107814703,45.86433398234931,33.47372732344411,56.35843864453328,2021-10-04,0.10926539607522211,1765.95166015625,1766.199951171875,4.071406300353818,0.32336474876971927,1.0595952432204654,1.0604393951635567,52978.5498046875,52985.99853515625,218494135.1044922,7365053.796386719,1.0,buy,sell,1769.0469585496473,1764.9778294023267,3.095298393397343,1.2221217695482665,92.85895180192028,36.663653086447994,5,-1212.9701119561446,1270.861154746358,57.891042790213305,208.8606661941617,57.571408756489426,113.9298474010227,113.9298474010227,-56.03880461080939,51904.302978515625,-0.10796562403314641,208.8606661941617,40.239566704250684,21.949981189070368
2021-11-03,3.605199911562304,short,1.0,1.0,30.0,3,30,1787.46484375,1763.5999755859375,1.3529507681259323,0.013073040759791566,1.0724828169045784,1.0609377631293402,53623.9453125,52907.999267578125,1371226842.9101562,1904687.9736328125,sell,buy,1785.7158855490325,1764.6674498694467,1.748958200967536,1.0674742835092275,52.46874602902608,32.024228505276824,58.07147656647097,2021-11-15,-0.36941255696103154,1870.1939697265625,1866.0999755859375,1.6023946413496968,0.0,1.1221287277689815,1.1231082612136314,56105.819091796875,55982.999267578125,454447783.67370605,1623506.9787597656,1.0,buy,sell,1872.1172957750064,1864.9768673247238,1.9233260484438688,1.1231082612137016,57.699781453316064,33.69324783641105,12,-2592.042306779217,3009.282523658312,417.240216879095,175.88600382403,60.66351887325019,118.73499543972116,118.73499543972116,298.5052214393738,53623.9453125,0.5566640419681892,175.88600382403,32.799899895286174,22.14215957960174
2021-11-30,2.809407216851024,short,1.0,1.0,30.0,3,30,1803.4681396484375,1773.5999755859375,1.2719139579744712,0.0,1.0820822987712715,1.0642211723799124,54104.044189453125,53207.999267578125,3823655438.7021484,86959606.80297852,sell,buy,1801.750100370679,1774.6641967583173,1.7180392777584075,1.0642211723798027,51.541178332752224,31.926635171394082,58.55250301112037,2021-12-03,-1.4291814292004517,1783.938720703125,1782.0,0.11272729404045696,0.1269153073864105,1.070365019011377,1.0696322766570605,53518.16162109375,53460.0,2995548869.2141113,12367080.0,1.0,buy,sell,1785.0654493691566,1780.8669100696497,1.1267286660315676,1.133089930350252,33.80185998094703,33.99269791050756,3,500.53953004567575,186.08139933997336,686.6209293856491,151.2623713956009,58.051963481074694,116.60446649219506,116.60446649219506,570.016462893454,54104.044189453125,1.0535561092207064,151.2623713956009,27.95768295359472,21.551894731544962
2022-02-07,-2.6134977392090333,long,1.0,1.0,30.0,3,30,1808.8856201171875,1820.5999755859375,0.7891622292299294,0.06197507763541537,1.0853356175676088,1.092859153404807,54266.568603515625,54617.999267578125,1278214654.6290283,10941805.853271484,buy,sell,1810.36553684937,1819.476128893715,1.4799167321825735,1.1238466922225143,44.397501965477204,33.71540076667543,58.8109661054811,2022-02-14,0.33470476623678513,1869.0562744140625,1868.0,0.0,0.016303646936714666,1.1214357318976722,1.1245974683544304,56071.688232421875,56040.0,2850258484.9057617,1475720.0,1.0,sell,buy,1867.9348386821648,1869.1327492918228,1.1214357318976909,1.1327492918228472,33.643071956930726,33.98247875468542,7,1727.079054983842,-1489.6986119432358,237.38044304060622,145.73845344376878,60.53804516046495,119.34901126594605,119.34901126594605,118.03143177466018,54266.568603515625,0.21750303144653518,145.73845344376878,26.856028894800474,21.99310078695746
2022-03-28,-2.323100608064148,long,1.0,1.0,30.0,3,30,1925.1177978515625,1939.5999755859375,1.6287573873021666,0.1337959547594155,1.1550720473122134,1.2066171282087053,57753.533935546875,58187.999267578125,4219894790.128784,135771.99829101562,buy,sell,1927.0872485925258,1938.326460480349,1.9694507409633388,1.273515105588558,59.083522228900165,38.20545316765674,62.31261745777578,2022-03-29,0.3430965590185032,1917.6904296875,1912.0,0.49230387133608816,0.1847650707067656,1.1506154573993623,1.147202342816534,57530.712890625,57360.0,4795877205.678711,2448335120.0,1.0,sell,buy,1916.2936622944326,1913.23958487817,1.396767393067421,1.2395848781700352,41.90302179202263,37.187546345101055,1,-323.8075889427978,752.6062680653672,428.7986791225694,176.3795435336806,61.98880986883298,124.30142732660876,124.30142732660876,304.49725179596066,57753.533935546875,0.5272357049800286,176.3795435336806,30.54004344228021,21.522739624094612
2022-05-04,2.696064351302733,short,1.0,1.0,30.0,3,30,1889.76171875,1867.0,3.2568292387372075,0.5776904283632478,1.1338598216024494,1.4202,56692.8515625,56010.0,2031745185.9648438,18670.0,sell,buy,1886.9994443090288,1868.7090452141817,2.7622744409711686,1.7090452141817423,82.86823322913506,51.27135642545227,61.10998332927087,2022-05-05,-0.09266322105091228,1876.1866455078125,1874.0,0.9216214885431724,0.02392488242298998,1.1257125010983342,1.12815,56285.599365234375,56220.0,10954903728.188477,1499200.0,1.0,buy,sell,1877.7731687531825,1872.8598875587884,1.5865232453700173,1.1401124412116133,47.59569736110052,34.2033732363484,1,276.7882666753894,124.52527033819933,401.31353701358876,215.93866025203624,60.83319506259548,121.94317839186635,121.94317839186635,279.3703586217224,56692.8515625,0.49277880883048486,215.93866025203624,38.08922188611003,21.509445200058835
2022-06-13,-2.0041670136055014,long,1.0,1.0,30.0,3,30,1820.8216552734375,1828.0,0.0,0.0,1.0924941530294718,1.0991622047244096,54624.649658203125,54840.0,4709567957.116333,2321560.0,buy,sell,1821.914149426467,1826.9008377952755,1.09249415302952,1.0991622047245073,32.7748245908856,32.97486614173522,59.15742448279401,2022-06-14,2.3551198171197583,1823.2308349609375,1809.5,0.0,0.02301607198174281,1.0939385929281251,1.0862597014925375,54696.925048828125,54285.0,59484497671.11951,9698920.0,1.0,sell,buy,1822.1368963680093,1810.5977677374833,1.0939385929282253,1.0977677374833092,32.81815778784676,32.93303212449928,1,6.6824082462676415,489.0921017337655,495.77450998003314,131.50088064496686,59.16410689104028,118.32153137383429,118.32153137383429,377.4529786061988,54624.649658203125,0.6909938662636634,131.50088064496686,24.07354215867617,21.660831165818863
2022-06-15,2.933254050855336,short,1.0,1.0,30.0,3,30,1837.9019775390625,1815.300048828125,6.460495803687054,0.6278227034619804,1.1027413244527218,1.0919578070746527,55137.059326171875,54459.00146484375,39974875272.42041,1960524.052734375,sell,buy,1833.5689883127664,1816.7059179869304,4.332989226296149,1.4058691588054444,129.98967678888448,42.17607476416333,59.50706964938299,2022-06-21,-0.9620213466765022,1832.4166259765625,1834.5999755859375,3.638226309131246,0.2491316297885523,1.0994570853993761,1.1021488742404513,54972.498779296875,55037.999267578125,773191860.1640625,3962735.947265625,1.0,buy,sell,1835.3351962165275,1833.3732608968028,2.9185702399649927,1.2267146891347238,87.55710719894978,36.801440674041714,6,-52.98623711283426,500.02028729616995,447.0340501833357,296.5242994260393,59.560055886495824,119.06712553587882,119.06712553587882,327.9669246474569,55137.059326171875,0.5948212121856506,296.5242994260393,53.77949115347331,21.594754415812904
2022-07-01,3.2545787828505355,short,1.0,1.0,30.0,3,30,1842.16748046875,1798.9000244140625,0.45717015759982416,0.16986895233559512,1.1053009845172175,1.0832361185445414,55265.0244140625,53967.000732421875,11136843767.016113,1385153.0187988281,sell,buy,1840.833594405433,1800.0681950087749,1.3338860633170952,1.1681705947123646,40.01658189951286,35.04511784137094,59.72500783216299,2022-07-07,-0.28454262897458127,1744.4910888671875,1737.9000244140625,2.664192886153726,0.48185703481463105,1.046695485147807,1.0429005282920973,52334.732666015625,52137.000732421875,6291536768.348022,32481351.456298828,1.0,buy,sell,1746.8698807954122,1736.616195368363,2.3787919282247003,1.2838290456995765,71.36375784674101,38.514871370987294,6,2818.911408300621,-1903.5599892123582,915.3514190882629,184.9403289586121,56.906096423862365,116.63110425602535,116.63110425602535,798.7203148322376,55265.0244140625,1.4452546132034254,184.9403289586121,33.46426259997326,21.103963219520068
2022-08-02,-2.1346332435343287,long,1.0,1.0,30.0,3,30,1749.7601318359375,1771.0999755859375,0.6329165389473755,0.08164404017496088,1.0498616919182422,1.0629382784869985,52492.803955078125,53132.999267578125,935231042.6251221,19092457.736816406,buy,sell,1751.1264517973295,1769.996215287363,1.366319961392037,1.1037602985745707,40.98959884176111,33.11280895723712,57.03379355391989,2022-08-16,0.12008610229812543,1770.2608642578125,1773.199951171875,0.0,0.01827438726665468,1.0621813035448975,1.064893996677151,53107.825927734375,53195.99853515625,214274145.27062988,5461455.849609375,1.0,sell,buy,1769.1986829542675,1774.2739823621855,1.0621813035450032,1.0740311903105066,31.865439106350095,32.2209357093152,14,542.1669347081388,-128.33301224467732,413.8339224634615,138.18878261466352,57.57596048862803,114.60975404254792,114.60975404254792,299.22416842091354,52492.803955078125,0.5700289294452269,138.18878261466352,26.325281220054777,21.833421994494284
2022-09-19,2.316723916479272,short,1.0,1.0,30.0,3,30,1669.7889404296875,1666.199951171875,3.9885967466902614,0.1458027274841388,1.0018820872927308,1.0002372120824354,50093.668212890625,49985.99853515625,574268803.0257568,9663959.716796875,sell,buy,1666.7927599690497,1667.2730897476997,2.996180460637788,1.0731385758247143,89.88541381913365,32.19415727474143,54.503782799071494,2022-09-22,0.048554282207769105,1667.9124755859375,1670.800048828125,0.08071288166043933,0.0652530370721001,1.0007582946821767,1.0027883540656315,50037.374267578125,50124.00146484375,462909092.6491699,16256884.475097656,1.0,buy,sell,1668.9535903214498,1669.7646339555233,1.0411147355123376,1.0354148726016774,31.233442065370127,31.062446178050322,3,-64.82491057200377,74.74632623470825,9.921415662704476,184.37545933729552,54.568607709643494,109.07239050871499,109.07239050871499,-99.15097484601051,50093.668212890625,-0.19793115254533497,184.37545933729552,36.80614055926735,21.773688052784156
2022-10-11,-2.7271821892962262,long,1.0,1.0,30.0,3,30,1664.1566162109375,1678.699951171875,2.415860123505976,0.2182355117685158,0.9984987825788032,1.0090163778887538,49924.698486328125,50360.99853515625,1037320407.7393799,2803428.9184570312,buy,sell,1666.3630450552691,1677.5818170381021,2.20642884433164,1.1181341337728554,66.1928653299492,33.54402401318566,54.49089135165807,2022-10-12,0.3256383315875715,1671.2099609375,1670.300048828125,2.2736861802602952,0.19292121688540745,1.0027411381087756,1.004193452115667,50136.298828125,50109.00146484375,330680643.7607422,2488747.0727539062,1.0,sell,buy,1669.070376709261,1671.4007028886833,2.139584228239073,1.1006540605583268,64.1875268471722,33.019621816749805,1,81.2199496197536,185.43342448256453,266.65337410231814,196.94403800705686,54.57211130127783,109.0630026529359,109.0630026529359,157.59037144938225,49924.698486328125,0.3156561305874253,196.94403800705686,39.448217811668904,21.84550051570222
2022-11-10,-2.036764541827815,long,1.0,1.0,30.0,3,30,1737.30859375,1750.300048828125,3.502465975940644,0.03808946652065008,1.0423889905421195,1.0511031062199518,52119.2578125,52509.00146484375,1359292828.7617188,5688475.158691406,buy,sell,1740.1022157285124,1749.2299009886449,2.7936219785124194,1.0701478394801143,83.80865935537258,32.10443518440343,56.70306647185537,2022-11-16,-0.08051746393615966,1767.015380859375,1773.0,1.4896726691960778,0.11040939664529502,1.060232521887884,1.064790099009901,53010.46142578125,53190.0,227577444.93164062,5372190.0,1.0,sell,buy,1765.2103120028892,1774.1199947973325,1.805068856485832,1.119994797332538,54.15206569457496,33.59984391997614,6,753.2428882313025,-746.7028142606296,6.540073970672893,203.6650041543271,57.45630936008668,114.15937583194204,114.15937583194204,-107.61930186126915,52119.2578125,-0.20648663541685797,203.6650041543271,39.076727624751626,21.90349222597001
2022-12-13,-2.191509894668727,long,1.0,1.0,30.0,3,30,1788.6239013671875,1813.9000244140625,1.669550333751016,0.13891088667374116,1.073177671433645,1.089803429282584,53658.717041015625,54417.000732421875,1611076149.7979736,3718495.050048828,buy,sell,1790.5318542054965,1812.7407655414431,1.9079528383090292,1.1592588726193753,57.238585149270875,34.77776617858126,58.2159556261649,2022-12-15,0.4097729475808784,1770.8558349609375,1777.199951171875,4.266532658556569,0.3196819630359574,1.0625252502011138,1.0670325597767591,53125.675048828125,53315.99853515625,452163245.47558594,7482011.794433594,1.0,sell,buy,1767.660043381458,1778.42682471317,3.195791579479419,1.2268735412949354,95.87374738438257,36.80620623884806,2,-686.1543247211534,1029.4182248481957,343.26390012704223,224.69630495108277,57.52980130144375,115.74575692760865,115.74575692760865,227.51814319943358,53658.717041015625,0.42400965909327154,224.69630495108277,41.875079640709544,21.57072761153327
2023-01-10,2.20115223450368,short,1.0,1.0,30.0,3,30,1880.6171875,1871.5999755859375,3.130851338076957,0.42454965887563884,1.1283731110596746,1.1259302823812656,56418.515625,56147.999267578125,2015984012.65625,1890315.9753417969,sell,buy,1877.9233887199018,1872.9381806977565,2.6937987800981773,1.3382051118189793,80.81396340294532,40.14615335456938,60.83770166159706,2023-01-13,-1.0687999654663696,1900.856689453125,1918.4000244140625,0.5827535554603902,0.055569095841168294,1.140522328274257,1.1516259521484375,57025.70068359375,57552.000732421875,685850002.9782715,9822208.125,1.0,buy,sell,1902.2885885591295,1917.2206139139935,1.4318991060044937,1.1794105000690251,42.95697318013481,35.382315002070754,3,-730.9559951768301,1328.4729964871099,597.5170013102797,199.29940493972026,61.56865765677388,122.40635931837093,122.40635931837093,475.1106419919088,56418.515625,0.842118295259401,199.29940493972026,35.32517697991461,21.696132548395266
2023-03-17,2.0332620139945945,short,1.0,1.0,30.0,3,30,1981.216552734375,1969.800048828125,3.1423857744944454,0.15622798389418702,1.1887303525093738,1.1855385658822408,59436.49658203125,59094.00146484375,14122335465.361084,1615236.0400390625,sell,buy,1978.4566294946185,1971.0637013859543,2.7599232397565174,1.2636525578293458,82.79769719269552,37.909576734880375,63.85369888483855,2023-03-20,-1.1562303685781736,1973.826416015625,1979.199951171875,0.8378855354292042,0.49089575604177893,1.1842962468499303,1.188291178929346,59214.79248046875,59375.99853515625,14906532502.565186,7699087.810058594,1.0,buy,sell,1975.4296550301895,1977.7662121149247,1.6032390145644513,1.433739056950344,48.09717043693354,43.01217170851032,3,90.80923393287094,201.0753218691093,291.88455580198024,211.81661607301976,63.76288965090569,127.61658853574424,127.61658853574424,164.26796726623598,59436.49658203125,0.27637558859062566,211.81661607301976,35.63746658262086,21.471081889830817
2023-03-21,2.2211075034624335,short,1.0,1.0,30.0,3,30,1952.850341796875,1938.0,7.984248206590214,0.3003480742705935,1.1717105488721558,1.1691829787234043,58585.51025390625,58140.0,17040874774.32251,910860.0,sell,buy,1947.6865071447078,1939.3193570158587,5.163834652167225,1.3193570158587136,154.91503956501674,39.58071047576141,62.93059521434124,2023-03-23,-0.7440223241338801,1990.0374755859375,1993.800048828125,1.7945950429898962,0.11966693076399584,1.1940229359007144,1.2053709383877842,59701.124267578125,59814.00146484375,13250746122.725464,657954.0161132812,1.0,buy,sell,1992.128796043333,1992.534844424355,2.091320457395568,1.2652044037699852,62.739613721867045,37.95613211309956,2,-1333.2686669587588,1596.464622254889,263.19595529613025,295.19149587574475,64.2638638813,127.19445909564124,127.19445909564124,136.00149620048902,58585.51025390625,0.2321418651319521,295.19149587574475,50.38643422177287,21.710907448682743
2023-05-03,3.1071615586843833,short,1.0,1.0,30.0,3,30,2047.5238037109375,2028.5999755859375,0.19178170633117264,0.24088780665811924,1.2285144899718898,1.2173823723048613,61425.714111328125,60857.999267578125,29567795748.62915,27365813.670654297,sell,buy,2046.1993983677999,2029.9378018615714,1.3244053431376415,1.3378262756339154,39.732160294129244,40.13478826901746,65.885981951034,2023-05-04,-1.0207483893264755,2047.5328369140625,2048.0,4.208155611322632,0.27740337386405745,1.228520118581439,1.2291225806451613,61425.985107421875,61440.0,14750508458.442383,19046400.0,1.0,buy,sell,2050.865434838305,2046.6321757324226,3.332597924242691,1.3678242675773618,99.97793772728073,41.03472802732085,1,-139.98109411515998,500.8312161255367,360.8501220103767,220.8796143177483,66.02596304514915,131.91194499618314,131.91194499618314,228.93817701419357,61425.714111328125,0.3727073918900892,220.8796143177483,35.958819122139225,21.47503645738747
2023-06-14,-2.112895091354371,long,1.0,1.0,30.0,3,30,1945.6357421875,1955.300048828125,0.11467582155162725,0.0,1.1673818715278104,1.1746651778117265,58369.072265625,58659.00146484375,13694738515.992188,3949706.0986328125,buy,sell,1946.8604619698037,1954.1253836503133,1.2247197823037368,1.1746651778116757,36.741593469112104,35.23995533435027,62.90581385909411,2023-06-20,0.7747427108878983,1938.7818603515625,1935.5,2.903077435638285,0.36349188366188895,1.1632695306222856,1.1628544041450777,58163.455810546875,58065.0,14035198622.947266,3735515.0,1.0,sell,buy,1936.167052103121,1936.844600345976,2.614808248441477,1.344600345976005,78.44424745324432,40.33801037928015,6,-320.8022960004814,518.4234991301196,197.62120312963816,190.76380663598684,62.58501156309364,125.49082542218775,125.49082542218775,72.1303777074504,58369.072265625,0.12357636485843168,190.76380663598684,32.682343445148845,21.49954086148675
2023-07-25,2.1943690202288906,short,1.0,1.0,30.0,3,30,1969.3116455078125,1962.0999755859375,0.316795001821601,0.0,1.1815876539415777,1.1930494590357732,59079.349365234375,58862.999267578125,8862298236.425903,372798.9953613281,sell,buy,1967.9716603529603,1963.2930250449733,1.3399851548522292,1.1930494590358194,40.19955464556688,35.79148377107458,63.53914981058881,2023-07-28,-0.23873459207840614,1960.2137451171875,1960.4000244140625,0.0,0.35267568146622175,1.176131106726944,1.1762529708134126,58806.412353515625,58812.000732421875,2056415155.0863037,453930625.6530762,1.0,buy,sell,1961.3898762239144,1959.0474336025159,1.1761311067268707,1.3525908115466336,35.28393320180612,40.57772434639901,3,197.453523871377,-127.36774327372359,70.08578059765341,151.8526959648466,63.34169628671743,126.88084609730623,126.88084609730623,-56.79506549965282,59079.349365234375,-0.09613353246079288,151.8526959648466,25.703176760813363,21.476344519794267
2023-08-01,2.7390071742086666,short,1.0,1.0,30.0,3,30,1951.3408203125,1940.699951171875,0.8553630050065607,0.07658610317147327,1.170806726677902,1.1648560172147528,58540.224609375,58220.99853515625,2619846769.2617188,13352015.6640625,sell,buy,1949.7423320833188,1941.9031002406755,1.5984882291811573,1.203149068800485,47.95464687543472,36.09447206401455,62.99226996249957,2023-08-02,-0.17384251712302923,1937.4610595703125,1937.4000244140625,0.6595962064362603,0.08083885381953565,1.162479468742486,1.162900137347824,58123.831787109375,58122.000732421875,2051670514.1098633,12631848.159179688,1.0,buy,sell,1938.953337142273,1936.196704849805,1.4922775719605852,1.2033195642575265,44.768327158817556,36.099586927725795,1,323.6698482313727,-171.19186172611535,152.47798650525738,164.91703302599262,62.668600114268195,125.66087007676776,125.66087007676776,26.817116428489612,58540.224609375,0.045809725889222074,164.91703302599262,28.171575036898947,21.46573077149479
2023-08-17,2.3947391504678377,short,1.0,1.0,30.0,3,30,1898.00439453125,1884.0999755859375,0.0,0.04190355382028271,1.1388029011692278,1.1316844751474808,56940.1318359375,56522.999267578125,21531491394.788574,4616044.940185547,sell,buy,1896.8655916300809,1885.2526118379951,1.1388029011691287,1.1526362520576185,34.16408703507386,34.57908756172856,61.40596774890243,2023-08-23,0.1003298398240647,1923.8460693359375,1918.5,0.6524466047136404,0.0,1.1543109963681268,1.1516484460694698,57715.382080078125,57555.0,1720399347.503662,10494195.0,1.0,buy,sell,1925.3266036346624,1917.3483515539306,1.4805342987249333,1.15164844606943,44.416028961748,34.5494533820829,6,-853.8303601374469,962.8721914780635,109.04183134061668,147.70865694063332,62.25979810903988,123.6657658579423,123.6657658579423,-14.623934517325623,56940.1318359375,-0.02568300080418113,147.70865694063332,25.941045827963414,21.71855980493028
2023-09-19,-2.278788458675446,long,1.0,1.0,30.0,3,30,1925.2242431640625,1932.0,0.9232542855056943,0.03856014454025225,1.1551353479995146,1.2092,57756.727294921875,57960.0,7200679434.124634,115920.0,buy,sell,1926.8410056548148,1930.77151992773,1.6167624907523077,1.228480072270031,48.50287472256923,36.85440216810093,62.30523016964444,2023-09-21,0.6993383083686249,1924.3302001953125,1919.199951171875,0.0,0.0,1.1545997375213186,1.1848533040364584,57729.906005859375,57575.99853515625,3569293839.2470703,172727.99560546875,1.0,sell,buy,1923.1756004577912,1920.3848044759116,1.1545997375212664,1.184853304036551,34.63799212563799,35.54559912109653,2,-109.96215591070722,311.60146355455254,201.6393076438453,155.5408681374047,62.19526801373374,124.50049818337817,124.50049818337817,77.13880946046714,57756.727294921875,0.13355813785392476,155.5408681374047,26.930346545289844,21.55601676453101
2023-09-28,2.002557027943649,short,1.0,1.0,30.0,3,30,1875.0570068359375,1860.4000244140625,2.3118773073092163,0.43718312895596156,1.1250358385932602,1.1163044753274234,56251.710205078125,55812.000732421875,3441541507.2279053,86583017.13623047,sell,buy,1872.7760323436896,1861.734920453868,2.2809744922478785,1.3348960398054714,68.42923476743636,40.04688119416414,60.68328097031069,2023-10-04,0.1288349338853592,1822.0364990234375,1818.5,2.9901251699329223,0.1965633946090221,1.0932237759457815,1.0919403361344537,54661.094970703125,54555.0,2912878818.7697754,6492045.0,1.0,buy,sell,1824.6247853843497,1817.3097779665611,2.588286360912207,1.1902220334388858,77.6485908273662,35.70666100316657,6,1444.5374087801974,-1332.7542746192057,111.78313416099172,221.83136779213328,59.23874356153049,119.92202453184117,119.92202453184117,-8.138890370849452,56251.710205078125,-0.01446869853587974,221.83136779213328,39.435488624860945,21.31882285794312
2023-10-18,-2.2942961879087913,long,1.0,1.0,30.0,3,30,1946.368896484375,1955.300048828125,0.4933084261726848,0.05418340973288648,1.1678221686170926,1.1776576412371735,58391.06689453125,58659.00146484375,7028916156.767334,1310051.0327148438,buy,sell,1947.7833728660783,1954.0952994820213,1.4144763817032526,1.2047493461036538,42.43429145109758,36.142480383109614,62.93350118598235,2023-10-27,2.4008873393198917,2009.585693359375,1988.5999755859375,0.9211153987026344,0.12267093543840286,1.2057517143442094,1.1939664369644658,60287.57080078125,59657.999267578125,20208445981.649902,7397591.9091796875,1.0,sell,buy,2007.9193839456796,1989.8552774906211,1.6663094136954442,1.2553019046836198,49.989282410863325,37.659057140508594,9,1804.080332388039,-1072.7993402579932,731.2809921300459,166.2251113855791,64.73758151837039,127.67108270435274,127.67108270435274,603.6099094256931,58391.06689453125,1.0337367366757697,166.2251113855791,28.4675585198371,21.864831299444894
2023-12-04,2.146858361501554,short,1.0,1.0,30.0,3,30,2034.969970703125,2024.0999755859375,0.9129784002223902,0.03822210697685929,1.2209825412445774,1.2147400973963804,61049.09912109375,60722.999267578125,10924591804.851807,21678110.73852539,sell,buy,2033.292498961769,2025.3338267368222,1.6774717413559301,1.233851150884675,50.324152240677904,37.01553452654025,65.49877496885307,2023-12-06,-0.8158113647474718,2029.964111328125,2030.5,9.488732630792843,1.2022771535916126,1.2179792275682566,1.2190194244604315,60898.92333984375,60915.0,8004891457.831543,8467185.0,1.0,buy,sell,2035.9264568710898,2028.6798419987438,5.96234554296484,1.8201580012562317,178.8703662889452,54.60474003768695,2,-79.01873727962311,100.3804578576478,21.361720578024688,320.8147930938503,65.5777937061327,131.07656867498577,131.07656867498577,-109.71484809696108,61049.09912109375,-0.17971575285547872,320.8147930938503,52.55029111199482,21.470680249513467
2023-12-13,3.872857538713172,short,1.0,1.0,30.0,3,30,2030.323974609375,1982.300048828125,3.388619718459811,0.13932767368013554,1.218195042780565,1.189513244216946,60909.71923828125,59469.00146484375,9256586064.3479,44641397.099609375,sell,buy,2027.4114697073646,1983.559225909182,2.912504902010369,1.2591770810570324,87.37514706031106,37.77531243171097,65.32234409122094,2023-12-14,-0.2567419556244101,2033.202880859375,2030.199951171875,0.0,0.0,1.2199220199214835,1.219391157143803,60996.08642578125,60905.99853515625,20931661002.216797,4791271.884765625,1.0,buy,sell,2034.4228028792966,2028.9805600147313,1.2199220199215688,1.2193911571437184,36.597660597647064,36.58173471431155,1,-210.33999515795813,1362.6400231664775,1152.3000280085193,198.32985480398065,65.53268408637891,130.85502817759985,130.85502817759985,1021.4449998309195,60909.71923828125,1.6769819539554698,198.32985480398065,32.5612820555134,21.483439722598252
2024-01-31,-2.4835469847924365,long,1.0,1.0,30.0,3,30,2035.4901123046875,2048.39990234375,1.2043605197318097,0.03883175574341002,1.2212947151421052,1.2291894182373413,61064.703369140625,61451.9970703125,9427067131.622314,41111386.04003906,buy,sell,2037.3135872796954,2047.1512970476408,1.8234749750079118,1.24860529610919,54.70424925023735,37.4581588832757,65.61940761839087,2024-02-02,0.1895195474425433,2039.2337646484375,2036.0999755859375,0.0,0.0,1.2235411066425943,1.2219978231894004,61177.012939453125,61082.999267578125,7215516673.442505,18080567.783203125,1.0,sell,buy,2038.0102235417949,2037.321973409127,1.2235411066426423,1.2219978231894402,36.70623319927927,36.659934695683205,2,20.89908786298338,294.8797091554161,315.7787970183995,165.52857602847553,65.64030670625385,131.25971432464473,131.25971432464473,184.51908269375474,61064.703369140625,0.302169784692678,165.52857602847553,27.10707935938755,21.495185775515864
2024-03-01,-2.3015825722935204,long,1.0,1.0,30.0,3,30,2078.7568359375,2086.89990234375,0.5712856164541866,0.12941104956990537,1.24725485829076,1.2523878752905477,62362.705078125,62606.9970703125,8241096356.879883,25251488.818359375,buy,sell,2080.2897336040182,2085.5828089436745,1.5328976665182381,1.3170934000754642,45.98692999554714,39.512802002263925,66.90869200812054,2024-03-07,0.08345137805968281,2156.59716796875,2158.0,1.9490904813340926,0.19028183950050118,1.2939590350407457,1.2967736842105264,64697.9150390625,64740.0,8811314722.431152,3280160.0,1.0,sell,buy,2154.3286636930425,2159.3919146039607,2.268504275707528,1.3919146039606858,68.05512827122584,41.75743811882057,6,2221.167902670727,-2214.2731698085845,6.894732862142519,195.31229838785748,69.12985991079128,136.03855191891182,136.03855191891182,-129.1438190567693,62362.705078125,-0.2070850180327876,195.31229838785748,31.31876626313429,21.81408772254014
2024-03-20,4.043832435135348,short,1.0,1.0,30.0,3,30,2204.1640625,2157.89990234375,0.3809827449155622,0.18983831472087345,1.3224990393694063,1.3123870002297795,66124.921875,64736.9970703125,10986589644.609375,366842.9833984375,sell,buy,2202.6510720881724,2159.30720850134,1.512990411827559,1.4073061575900283,45.38971235482677,42.21918472770085,70.57953216264518,2024-03-21,0.0014912236223322893,2181.878173828125,2182.39990234375,0.17343839892162288,0.0,1.3091276099462807,1.3142018461681548,65456.34521484375,65471.9970703125,9276043413.847412,1374911.9384765625,1.0,buy,sell,2183.274020637532,2181.085700497582,1.3958468094069758,1.314201846168089,41.875404282209274,39.42605538504267,1,581.311543519214,653.3547598872565,1234.6663034064704,168.91035674977957,69.99822061912596,140.57775278177115,140.57775278177115,1094.0885506246993,66124.921875,1.6545782128755058,168.91035674977957,25.544129499174485,21.25942062321282
2024-05-01,2.331283595287498,short,1.0,1.0,30.0,3,30,2326.57666015625,2299.89990234375,0.9139624110704365,0.3002400888706636,1.3959467574020328,1.3870827985491072,69797.2998046875,68996.9970703125,9168073088.361816,965957.958984375,sell,buy,2324.723732193313,2301.4371051867347,1.852927962936974,1.5372028429846978,55.58783888810922,46.11608528954093,74.2417119657994,2024-05-03,0.015103584799330674,2302.783935546875,2299.0,1.4855716211786678,0.14719142021981485,1.3816711925533787,1.3809463917525773,69083.51806640625,68970.0,8311046585.300293,4460060.0,1.0,buy,sell,2304.9083925500177,2297.545457898137,2.124457003142652,1.4545421018628986,63.73371009427956,43.63626305588696,2,594.4601892988612,-116.74941865792789,477.71077064093333,209.07389732781667,73.64725177650054,147.88896374229995,147.88896374229995,329.8218068986334,69797.2998046875,0.4725423588327452,209.07389732781667,29.95443919934787,21.18835028806772
2024-06-07,-2.230742944102502,long,1.0,1.0,30.0,3,30,2295.63671875,2305.199951171875,3.787781665203946,0.3757490603913825,1.377382884662712,1.3842352123388129,68869.1015625,69155.99853515625,8069847166.1484375,6200987.868652344,buy,sell,2298.9079924672646,2303.6278414293406,3.2712737172646484,1.5721097425343942,98.13821151793945,47.163292276031825,73.46723977401794,2024-06-10,0.632647961395824,2311.771484375,2307.699951171875,0.0,0.0,1.3870639476273765,1.3889677967900815,69353.14453125,69230.99853515625,6561304503.525391,1592312.9663085938,1.0,sell,buy,2310.384420427373,2309.088918968665,1.3870639476272117,1.3889677967899843,41.61191842881635,41.66903390369953,3,344.2928388032442,-163.83232617973135,180.46051262351284,228.58245612648716,73.8115326128212,147.27877238683914,147.27877238683914,33.181740236673704,68869.1015625,0.048180881533005995,228.58245612648716,33.19085786519871,21.385319257168018
2024-06-12,-2.538237943148757,long,1.0,1.0,30.0,3,30,2321.724609375,2336.0,1.2059168968403662,0.12808939777647885,1.3930356633318974,1.4038727272727272,69651.73828125,70080.0,7758850742.390625,3083520.0,buy,sell,2323.720603486752,2334.532082573839,1.9959941117522249,1.467917426160966,59.879823352566746,44.03752278482898,74.21161810460256,2024-06-13,0.392258179517691,2303.1572265625,2300.199951171875,1.752783331951244,0.13616074491988414,1.381895225312317,1.381126682112521,69094.716796875,69005.99853515625,7768908617.722656,6854595.8544921875,1.0,sell,buy,2300.8989396712122,2301.6491582264475,2.258286891287753,1.4492070545725255,67.74860673863259,43.476211637175766,1,-684.6499144661993,986.4877304217453,301.8378159555459,215.14216451320408,73.52696819013637,147.73858629473892,147.73858629473892,154.099229660807,69651.73828125,0.2212424750098304,215.14216451320408,30.888269240958714,21.211040806789114
2024-07-18,-2.747001436657219,long,1.0,1.0,30.0,3,30,2443.8271484375,2451.800048828125,4.5616359455333715,0.3645692893711512,1.466296404228464,1.621080029296875,73314.814453125,73554.00146484375,63660140498.90332,49036.0009765625,buy,sell,2447.5742628144953,2449.9966841541423,3.7471143769953414,1.8033646739827418,112.41343130986024,54.100940219482254,77.92722788443487,2024-07-19,0.5605079666284635,2401.517333984375,2395.5,0.8093492553995545,0.09124119201322331,1.440910487100471,1.4573,72045.52001953125,71865.0,83088049744.2395,359325.0,1.0,sell,buy,2399.6717488695745,2397.002920596007,1.8455851148005422,1.5029205960067884,55.367553444016266,45.08761788020365,1,-1437.0754183476265,1589.812906744064,152.73748839643758,266.9695428535624,76.49015246608724,154.4173803505221,154.4173803505221,-1.6798919540845247,73314.814453125,-0.0022913403881811506,266.9695428535624,36.41413332966336,21.062234352274235
2024-07-24,-2.7858173966866757,long,1.0,1.0,30.0,3,30,2400.705322265625,2413.300048828125,0.8723032040782137,0.0,1.4404233558611572,1.497980029296875,72021.15966796875,72399.00146484375,44320227591.333984,144798.0029296875,buy,sell,2402.581897223525,2411.8020687988283,1.876574957900175,1.4979800292967411,56.29724873700525,44.939400878902234,76.57745691670576,2024-07-25,1.810331579502031,2366.1962890625,2351.89990234375,0.4323944319879576,0.29727098905995386,1.4197179434351768,1.4208173607610886,70985.888671875,70556.9970703125,41756975771.97266,729088.9697265625,1.0,sell,buy,2364.560373903071,2353.4693551990413,1.635915159428805,1.5694528552912743,49.07745478286415,47.08358565873823,1,-1140.6456996136194,1749.9814079936095,609.3357083799901,197.39769005750986,75.43681121709214,152.01426813379788,152.01426813379788,457.32144024619225,72021.15966796875,0.6349820557660153,197.39769005750986,27.408290975534243,21.10688981330106
2024-07-31,2.305438729209623,short,1.0,1.0,30.0,3,30,2446.49365234375,2426.5,0.7939738480183042,0.0,1.4678965791038303,1.4561284843869002,73394.8095703125,72795.0,18930943416.899414,31859945.0,sell,buy,2444.628768840637,2427.9561284843867,1.8648835031131057,1.4561284843866815,55.94650509339317,43.683854531600446,77.8388630652191,2024-08-06,-0.16342121923135344,2393.043701171875,2389.10009765625,2.866660967600652,0.34945877862589336,1.4358264137181185,1.435300549391296,71791.31103515625,71673.0029296875,37194681002.06006,3894233.1591796875,1.0,buy,sell,2395.9128580693937,2387.4900677175456,2.8691568975186783,1.6100299387044288,86.07470692556035,48.300898161132864,6,1461.4773231372965,-1213.9818230052333,247.49550013206317,234.00596471168683,76.37738574208181,154.21624880730093,154.21624880730093,93.27925132476224,73394.8095703125,0.12709243592409675,234.00596471168683,31.883176219363065,21.011873960863838
2024-09-18,-2.530517793261721,long,1.0,1.0,30.0,3,30,2559.344970703125,2570.699951171875,0.4176438221084737,0.0,1.5356077944735884,1.554419970703125,76780.34912109375,77120.99853515625,9455105855.137207,642674.9877929688,buy,sell,2561.0894004086526,2569.1455312011717,1.7444297055276365,1.554419970703293,52.332891165829096,46.63259912109879,81.33268201225958,2024-09-24,0.5711029155352687,2657.02880859375,2651.199951171875,4.818762547051352,0.48605410171484914,1.5942181991879156,1.5992913992745537,79710.8642578125,79535.99853515625,8720798988.47168,927919.9829101562,1.0,sell,buy,2653.025209121037,2653.042269622007,4.0035994727131765,1.8423184501320975,120.1079841813953,55.269553503962925,6,2758.0742613715256,-2516.9021526250617,241.1721087464639,274.3430279722861,84.09075627363111,165.4234382858907,165.4234382858907,75.74867046057318,76780.34912109375,0.0986563246034562,274.3430279722861,35.730890926219594,21.545022936141372
2024-10-22,2.3112647604750096,short,1.0,1.0,30.0,3,30,2764.454345703125,2744.199951171875,4.1813588654897,0.077619464588274,1.6586727508129584,1.649745777154738,82933.63037109375,82325.99853515625,57837369223.29468,2552105.9545898438,sell,buy,2760.7049935195673,2745.888506681324,3.7493521835576757,1.6885555094490883,112.48056550673027,50.65666528347265,87.32114980558703,2024-10-28,-0.14338537748665026,2748.2421875,2742.89990234375,1.0396015019562233,0.0,1.6489457834830485,1.6510970842633927,82447.265625,82286.9970703125,17505357339.0625,1536023.9453125,1.0,buy,sell,2750.410934034461,2741.2488052594867,2.1687465344612065,1.651097084263256,65.0623960338362,49.53291252789768,6,308.82178455318353,-139.19104265512033,169.6307418980632,277.7325393519368,87.01232802103384,174.33347782662088,174.33347782662088,-4.702735928557672,82933.63037109375,-0.005670481211921956,277.7325393519368,33.488530299372925,21.02084245517175
2024-11-26,2.406400297020131,short,1.0,1.0,30.0,3,30,2637.780517578125,2620.300048828125,0.0,0.27128066032653364,1.5826687785596816,1.572181716035734,79133.41552734375,78609.00146484375,16908386777.897705,4660413260.844727,sell,buy,2636.1978487995652,2622.007870874324,1.5826687785597642,1.7078220461989986,47.480063356792925,51.23466138596996,83.58593546398696,2024-11-27,-0.0654819958988189,2645.66650390625,2639.89990234375,10.870533974769378,0.8861308145337977,1.5874004329449352,1.5839448073495133,79369.9951171875,79196.9970703125,14958503169.091797,1627577486.7919922,1.0,buy,sell,2652.6891713265795,2637.8728921291336,7.022667420329526,2.027010214616439,210.68002260988578,60.81030643849317,1,-494.7396758104287,475.95063764428687,-18.789038166141836,370.20505379114184,84.08067513979739,167.66661060378436,167.66661060378436,-186.4556487699262,79133.41552734375,-0.2356218893464776,370.20505379114184,46.78239291506649,21.187839484300895
2024-12-11,-2.376292922299055,long,1.0,1.0,30.0,3,30,2722.84423828125,2733.800048828125,3.7314163915832177,0.41335816677138243,1.6337070035246688,1.640368603256131,81685.3271484375,82014.00146484375,17736245229.88037,92593807.6538086,buy,sell,2726.3436534805664,2731.953001141483,3.499415199316445,1.8470476866418721,104.98245597949335,55.411430599256164,86.29030960441699,2024-12-12,1.8159853748758754,2703.779052734375,2687.5,4.007352814838714,0.42689684127734057,1.6222679025553612,1.6126268498942917,81113.37158203125,80625.0,17224640757.768555,63559375.0,1.0,sell,buy,2700.1531084244,2689.326075270533,3.625944309974784,1.8260752705327832,108.77832929924352,54.782258115983495,1,-785.7163516849869,1278.8077761285103,493.09142444352347,323.95447399397653,85.50459325273201,171.794902857149,171.794902857149,321.29652158637447,81685.3271484375,0.39333443692098913,323.95447399397653,39.6588329021797,21.031304991282653
2024-12-18,-3.1688004772521627,long,1.0,1.0,30.0,3,30,2607.1513671875,2636.5,0.8787550854732876,0.144558919083947,1.564291231067827,1.582430035335689,78214.541015625,79095.0,19041637654.115234,14922590.0,buy,sell,2609.1550359613043,2634.845290505122,2.003668773804293,1.6547094948778067,60.110063214128786,49.6412848463342,82.77465107883913,2024-12-19,0.5145772856469719,2600.610595703125,2592.199951171875,1.1136819267635985,0.06739382450283382,1.560366758071087,1.5565804749048056,78018.31787109375,77765.99853515625,19472974247.203857,6169435.8837890625,1.0,sell,buy,2598.4933879816717,2593.790228559031,2.117207721453269,1.5902773871562204,63.516231643598076,47.70832161468661,1,-319.84943938897686,1231.6518583827292,911.8024189937523,220.97590131874767,82.45480163945015,165.22945271828928,165.22945271828928,746.572966275463,78214.541015625,0.9545193982872309,220.97590131874767,28.25253443277294,21.125157876369975
2025-01-08,-2.0127551162706516,long,1.0,1.0,30.0,3,30,2637.857666015625,2664.5,2.361620258714087,0.4781846817324841,1.5827148973070113,1.5990003003003004,79135.72998046875,79935.0,26582585934.188232,26618355.0,buy,sell,2640.6211910422894,2662.6619073588336,2.7635250266644107,1.8380926411664404,82.90575079993232,55.14277923499321,83.71863573126869,2025-01-22,-0.07409324993575216,2746.23779296875,2767.60009765625,0.8131686946931558,0.0,1.6477429663373628,1.6607043587380503,82387.1337890625,83028.0029296875,28354982107.060547,57538406.03027344,1.0,sell,buy,2744.183465655066,2769.2608020149883,2.054327313684098,1.6607043587382577,61.62981941052294,49.82113076214773,14,3106.8682383832947,-3197.966839684641,-91.0986013013462,249.4994802075962,86.82550396965199,170.54413970092068,170.54413970092068,-261.6427410022669,79135.72998046875,-0.3306252953840726,249.4994802075962,31.5280443194464,21.550839266032188
2025-02-05,2.041313543773515,short,1.0,1.0,30.0,3,30,2868.896484375,2871.60009765625,6.002547312837139,0.4784822208072018,1.7213382510573603,1.7230264449624157,86066.89453125,86148.0029296875,23878792257.56836,129767608.41308594,sell,buy,2864.1738724675242,2873.562365211616,4.722611907475766,1.9622675553659974,141.678357224273,58.86802666097992,90.42521617402573,2025-02-27,-0.12359696856869645,2876.58642578125,2883.199951171875,3.778391430033486,0.6442373708313257,1.7259524440299454,1.7300132833003257,86297.5927734375,86495.99853515625,14662467291.417969,92694878.43017578,1.0,buy,sell,2880.201573940297,2881.147819203159,3.6151481590468393,2.052131968715912,108.45444477140518,61.56395906147736,22,-480.83104418317816,227.56361974629272,-253.26742443688545,370.56478771813545,90.9060472182089,181.33126339223463,181.33126339223463,-434.5986878291201,86066.89453125,-0.504954535882925,370.56478771813545,43.05543841640379,21.068642522752477
2025-02-28,2.166556073641054,short,1.0,1.0,30.0,3,30,2856.315673828125,2836.800048828125,1.0439796892411293,0.0,1.7137897759809422,1.7023830595999052,85689.47021484375,85104.00146484375,23054383496.581787,28084320.483398438,sell,buy,2854.0798942075235,2838.502431887725,2.2357796206015337,1.7023830595999243,67.07338861804601,51.07149178799773,90.12239682622571,2025-03-03,-0.10354615022554331,2887.428466796875,2890.199951171875,5.131032298782852,0.6033362778924809,1.732457594755612,1.734829190561281,86622.85400390625,86705.99853515625,16830511578.113037,12225545.793457031,1.0,buy,sell,2891.726440541022,2888.1634538423673,4.29797374414693,2.0364973295077107,128.9392123244079,61.09491988523132,3,-1129.396390004954,1489.830658639271,360.43426863431705,308.17901261568295,91.25179321623065,181.37419004245635,181.37419004245635,179.0600785918607,85689.47021484375,0.20896392303851896,308.17901261568295,35.96463040826433,21.166450158661082
2025-03-19,2.1505738776115995,short,1.0,1.0,30.0,3,30,3052.43115234375,3035.89990234375,2.5747819688480833,0.20668419569018925,1.831459036829274,1.8232542271205356,91572.9345703125,91076.9970703125,26510373715.398926,5312824.8291015625,sell,buy,3049.312302322497,3037.826498668716,3.1188500212529107,1.9265963249658853,93.56550063758732,57.79788974897656,95.97936906967492,2025-04-08,0.09328452421099075,2984.864013671875,2968.39990234375,11.946391497534123,0.9786707427754742,1.7909185344573504,1.781133312087856,89545.92041015625,89051.9970703125,70925088034.84937,95374688.86230469,1.0,buy,sell,2992.6281279550994,2966.129433660274,7.764114283224444,2.270468683475883,232.92342849673332,68.1140605042765,20,1700.5252310219294,-2150.911950253253,-450.3867192313237,452.4008793875737,94.27884383865299,190.2582129083279,190.2582129083279,-640.6449321396516,91572.9345703125,-0.6996007446367735,452.4008793875737,49.40333969970204,20.776686233882984
2025-04-22,-3.3676302805707743,long,1.0,1.0,30.0,3,30,3347.672119140625,3400.800048828125,7.649528937296086,0.7392619605102364,2.008603320193121,2.0408621949019707,100430.16357421875,102024.00146484375,206185074163.04443,26696280.38330078,buy,sell,3353.5054869294663,3398.3895556529683,5.833367788841315,2.4104931751567165,175.00103366523945,72.3147952547015,105.10516460788399,2025-04-23,1.1091883209261213,3330.671875,3276.300048828125,0.0,0.2525018532315592,1.9984031877858681,1.9666863737077511,99920.15625,98289.00146484375,159144341653.73438,10844553.161621094,1.0,sell,buy,3328.6734718122143,3278.3929861284487,1.9984031877856978,2.0929373003236833,59.952095633570934,62.7881190097105,1,-744.9604535175604,3599.897085735588,2854.9366322180276,370.0560435632224,104.36020415436643,209.46536876225042,209.46536876225042,2645.4712634557773,100430.16357421875,2.6341401520278827,370.0560435632224,36.84710154731032,20.856818440552843
2025-05-28,-2.0606531935673895,long,1.0,1.0,30.0,3,30,3264.326171875,3293.60009765625,1.8871554978662675,0.29415760899811894,1.958595825967532,1.976162406783296,97929.78515625,98808.0029296875,79719770985.38086,4207837612.763672,buy,sell,3267.2283454499006,3291.476856444968,2.902173574900644,2.1232412112822203,87.06520724701932,63.69723633846661,102.51685036349703,2025-06-02,0.39959014666096093,3382.869140625,3370.60009765625,5.744179353471593,0.5358546204788549,2.02972159351289,2.0226674356429304,101486.07421875,101118.0029296875,92988854962.30078,32897056.953125,1.0,sell,buy,3377.967329354751,3372.8906924021326,4.9018112702488,2.290594745882572,147.054338107464,68.71784237647717,5,3322.1695171455167,-2442.415078714944,879.7544384305729,366.5346240694271,105.83901988064254,208.35587024413957,208.35587024413957,671.3985681864333,97929.78515625,0.6855917912157125,366.5346240694271,37.42830881172768,21.276046905617257
2025-06-11,2.3340412882619526,short,1.0,1.0,30.0,3,30,3360.5634765625,3321.300048828125,0.3234383714233862,0.1601952255720752,2.0163382187517658,1.9929224794393252,100816.904296875,99639.00146484375,75908189371.96777,69946579.02832031,sell,buy,3358.3854191580367,3323.3730689203503,2.1780574044632885,2.073020092225306,65.34172213389866,62.190602766759184,105.2515625747411,2025-06-13,-0.008189609807168208,3436.7880859375,3431.199951171875,2.95699072448553,0.43720074108680695,2.0620728963235098,2.0593211731079344,103103.642578125,102935.99853515625,230342531593.95215,17121687.756347656,1.0,buy,sell,3440.3286541960665,3428.9220296282238,3.540568258566509,2.277921543651246,106.21704775699527,68.33764630953738,2,-2458.297051140894,3166.4688212362034,708.1717700953095,302.0870189671905,107.70985962588199,212.96142220062308,212.96142220062308,495.21034789468644,100816.904296875,0.4911977325116462,302.0870189671905,29.963925303403133,21.123582764802688
2025-07-22,-2.0079961768109964,long,1.0,1.0,30.0,3,30,3421.198486328125,3439.199951171875,2.0520069703283648,0.16485229883304764,2.052719226984618,2.0712122783954325,102635.95458984375,103175.99853515625,75921050662.76099,1341287.9809570312,buy,sell,3424.2772090402736,3437.046312744063,3.0787227121486467,2.153638427811984,92.3616813644594,64.60915283435952,107.22831627120821,2025-07-24,0.1305499875138559,3370.396728515625,3371.0,0.11475952794169358,0.09224347922346171,2.0222381787551296,2.022855319148936,101111.90185546875,101130.0,71383644440.07935,39609250.0,1.0,sell,buy,3368.317110572899,3373.068977058761,2.079617942726145,2.068977058760993,62.38853828178435,62.069311762829784,2,-1678.8029540212437,1919.3200705590607,240.51711653781695,281.42868424343305,105.54951331718696,212.77782958839518,212.77782958839518,27.739286949421768,102635.95458984375,0.027026870905302307,281.42868424343305,27.420087372703367,20.73131491188473
2025-08-08,-3.4707786591969723,long,1.0,1.0,30.0,3,30,3387.576904296875,3439.10009765625,1.1880570255706322,0.31876166464791333,2.032546175297572,2.063499238429195,101627.30712890625,103173.0029296875,310602153259.1223,263331894.47753906,buy,sell,3390.203478984958,3436.8772175854965,2.6265746880831102,2.22288007075349,78.7972406424933,66.6864021226047,106.20610436954875,2025-08-11,-0.0020296239732971273,3348.5576171875,3353.10009765625,2.059084971618381,0.23037385169342697,2.009134629464679,2.012061671496976,100456.728515625,100593.0029296875,169827604584.38672,49894129.453125,1.0,sell,buy,3345.518940072226,3355.2273462535936,3.038677115273913,2.1272485973436233,91.16031345821739,63.8174579203087,3,-1340.5361673819607,2449.4961399570866,1108.959972575126,300.4614141436241,104.86556820216678,211.07167257171554,211.07167257171554,897.8883000034103,101627.30712890625,0.8835108647172061,300.4614141436241,29.56502761236332,20.769188767738154
2025-10-08,-2.1050419699162077,long,1.0,1.0,30.0,3,30,4019.479736328125,4043.300048828125,6.8117968755711775,0.17975788158849249,2.4116878579284315,2.426117707130744,120584.39208984375,121299.00146484375,747506248018.7852,88103508.06396484,buy,sell,4025.297322623839,4040.7840521802,5.817586295714136,2.5159966479250215,174.5275888714241,75.47989943775065,125.25891967871517,2025-10-09,2.3163991092299696,3991.200439453125,3946.300048828125,5.6184793426765784,0.6225393172826384,2.3947202812427673,2.3678758759422425,119736.01318359375,118389.00146484375,681445258161.2717,123519191.52832031,1.0,sell,buy,3985.996479500544,3948.9791943627088,5.2039599525810445,2.6791455345837676,156.11879857743133,80.37436603751303,1,-1179.0252936988554,2754.1457345247363,1575.120440825881,486.5006529241191,124.07989438501632,249.3388140637315,249.3388140637315,1325.7816267621495,120584.39208984375,1.0994637065254267,486.5006529241191,40.34524240596928,20.677536266713254
2025-10-16,3.1897588064287983,short,1.0,1.0,30.0,3,30,4384.61474609375,4280.2001953125,9.128007138144486,0.8156182723335816,2.6307688534364635,2.568183879142867,131538.4423828125,128406.005859375,2275667677368.839,201383419.18945312,sell,buy,4377.419973671242,4283.1761883278095,7.194772422508322,2.975993015309541,215.84317267524966,89.27979045928623,135.82259921013724,2025-10-20,0.10630544569787588,4361.1884765625,4336.39990234375,0.0,0.0,2.6167130939181042,2.602011369977679,130835.654296875,130091.9970703125,1639420452804.9111,75886998.29101562,1.0,buy,sell,4363.805189656418,4333.797890973772,2.6167130939184062,2.602011369977845,78.50139281755219,78.06034109933535,4,408.44352044469815,1518.6510793788784,1927.0945998235766,461.6846970514234,135.41415568969256,271.2367548998298,271.2367548998298,1655.8578449237468,131538.4423828125,1.2588394806324008,461.6846970514234,35.09884172930951,20.62034109469362
2025-11-17,-2.025886202463696,long,1.0,1.0,30.0,3,30,4014.0126953125,4068.300048828125,4.569057022626033,0.3939905692040566,2.408407617436246,2.4411733282659474,120420.380859375,122049.00146484375,48410960268726.39,63140016.7578125,buy,sell,4018.7056314412494,4065.661880215257,4.692936128749352,2.6381686128679576,140.78808386248056,79.14505838603873,125.06116894323749,2025-11-18,-0.022120754370841187,4053.261962890625,4061.300048828125,15.791525470280638,1.2758486411862815,2.431957177910457,2.436998211115057,121597.85888671875,121839.00146484375,69057385962155.48,55842875.67138672,1.0,sell,buy,4042.9342429775743,4064.3749713598336,10.327719913050714,3.07492253170858,309.8315973915214,92.2476759512574,1,726.858346089748,38.60726566270387,765.4656117524519,622.0124155912981,125.78802728932723,250.84919623256474,250.84919623256474,514.6164155198871,120420.380859375,0.4273499318365783,622.0124155912981,51.65341706713868,20.831124635413868
2026-01-21,-2.3371674640997613,long,1.0,1.0,30.0,3,30,4792.63134765625,4831.7998046875,16.260807927537993,1.0157551251895116,2.8755788156983764,2.8992557327538835,143778.9404296875,144953.994140625,2023736862723.4165,82430504.66796875,buy,sell,4803.637330435718,4828.392671392152,11.005982779467558,3.4071332953481033,330.17948338402675,102.2139988604431,148.60911991307154,2026-01-22,2.17773612280117,4955.705078125,4908.7998046875,16.887382461960502,1.512182801509618,2.9734230607272947,2.945535201961436,148671.15234375,147263.994140625,1073260086616.7441,57678397.705078125,1.0,sell,buy,4944.287963833292,4912.501431290216,11.417114291707549,3.7016266027158053,342.51342875122646,111.04879808147416,1,4219.519001927247,-2523.2627969419173,1696.2562049853295,885.9557090771705,152.82863891499878,301.4377588280703,301.4377588280703,1394.8184461572591,143778.9404296875,0.9701131765116672,885.9557090771705,61.61929601299511,20.965362376938852
2026-01-27,2.9710590085089765,short,1.0,1.0,30.0,3,30,5171.466796875,5079.89990234375,11.993801879768627,1.5655246418745954,3.102880086125357,3.056763470818015,155144.00390625,152396.9970703125,1939213618103.5488,1727165.966796875,sell,buy,5162.36701584899,5083.739428135505,9.099781026009623,3.8395257917545678,272.9934307802887,115.18577375263703,159.37101047546972,2026-02-03,-0.14794287095225833,4931.5078125,4903.7001953125,82.86239043975469,7.340206996641389,2.958904690001989,2.942467437879998,147945.234375,147111.005859375,5913105791615.578,59481883.369140625,1.0,buy,sell,4975.89791240988,4897.0876243763,44.39009990987961,6.612570936200427,1331.7029972963883,198.37712808601282,7,5594.073103173323,-5599.55411277615,-5.481009602826816,1918.2593299153268,153.77693737229637,313.1479478477661,313.1479478477661,-318.6289574505929,155144.00390625,-0.20537626297380665,1918.2593299153268,123.64379425675305,20.184340996961396
2026-02-05,-2.6023420824332892,long,1.0,1.0,30.0,3,30,4657.9794921875,4861.39990234375,15.866476322519008,3.00621540957173,2.7947876980999706,2.917218251620626,139739.384765625,145841.9970703125,5013124665182.226,38550901.22558594,buy,sell,4668.707518046859,4856.9795763873435,10.72802585935915,4.4203259564064865,321.8407757807745,132.6097786921946,144.5612255414058,2026-02-20,0.041942732443908594,5084.15087890625,5059.2998046875,15.097090160586813,1.4484262320971746,3.050490535726998,3.0378186887826493,152524.5263671875,151778.994140625,1819396647447.5005,6779461.73828125,1.0,sell,buy,5073.55184329023,5063.061836492331,10.599035616020046,3.7620318048311674,317.9710684806014,112.86095414493502,15,12145.329757301124,-6182.46780314963,5962.8619541514945,885.2825770985055,156.7065552987069,301.26778084011266,301.26778084011266,5661.594173311381,139739.384765625,4.051537927411927,885.2825770985055,63.35240265894454,21.559260572486977
2026-03-10,-2.22014422959435,long,1.0,1.0,30.0,3,30,5157.2734375,5229.7001953125,4.518741086498365,0.02183606469715658,3.0943640677672306,3.1378898846293604,154718.203125,156891.005859375,2937372796264.6953,224877108.3984375,buy,sell,5162.627172111016,5226.5513873955215,5.35373461101608,3.1488079169785124,160.6120383304824,94.46423750935537,159.3788151633305,2026-03-19,1.7345354818004237,4647.5048828125,4600.7001953125,1.9801790498718799,0.8315854027662196,2.7885029322231034,2.7608985860870217,139425.146484375,138021.005859375,5498697521361.836,28846390.224609375,1.0,sell,buy,4643.726290355341,4603.87688659997,3.778592457158993,3.176691287470021,113.35777371476979,95.30073862410063,9,-15567.026452670252,18680.235023866546,3113.2085711962936,463.7347881787082,143.81178871066024,303.19060387399077,303.19060387399077,2810.017967322303,154718.203125,1.8162167802918652,463.7347881787082,29.972865429677164,19.59631108364391
2026-03-24,2.9159239509108494,short,1.0,1.0,30.0,3,30,4539.49951171875,4399.2998046875,34.09044681376395,2.623538257123351,2.7236997101036926,2.6403735336061507,136184.9853515625,131978.994140625,4432466670189.002,16629353.26171875,sell,buy,4519.730588601765,4403.251947349668,19.768923116985206,3.9521426621677165,593.0676935095562,118.5642798650315,140.09191765805292,2026-03-25,-0.9084561877161431,4491.75927734375,4549.7998046875,23.376839165588954,4.30163203647615,2.695055570316207,2.7306530786887886,134752.7783203125,136493.994140625,3446400248353.0347,17653223.2421875,1.0,buy,sell,4506.14275249686,4544.9183355905725,14.38347515311034,4.881469096927503,431.5042545933102,146.4440729078251,1,407.6350831471336,4249.991647227143,4657.626730374277,1289.580300875723,139.6842825749058,279.77620023295873,279.77620023295873,4377.850530141318,136184.9853515625,3.21463523958964,1289.580300875723,94.69328043371759,20.543835982411313
