Date,Close,High,Low,Open,Volume,Volatility,Spread (pips),Spread ($),Slippage Estimate ($)
2025-01-02,2653.01806640625,2653.01806640625,2623.680419921875,2623.680419921875,16231294,,,,
2025-01-03,2646.81640625,2659.088623046875,2645.62451171875,2652.65966796875,17550024,,0.0,0.0,
2025-01-06,2656.01318359375,2656.5625,2639.58251953125,2645.312744140625,15780697,,22.749521914683932,53.33223031128214,
2025-01-07,2650.41650390625,2667.4150390625,2644.606201171875,2655.7548828125,19468966,,2.5918863583434186,6.076219127691593,
2025-01-08,2665.394287109375,2674.05224609375,2646.330078125,2650.41650390625,21640845,,5.200692483911412,12.192103656960345,
2025-01-09,2670.941162109375,2680.462890625,2661.005126953125,2665.394287109375,18525111,,1.7851499982070584,4.184968422703949,
2025-01-10,2688.241943359375,2693.636962890625,2670.78173828125,2670.92626953125,16764734,,15.209556095348947,35.65611407798171,
2025-01-13,2671.69384765625,2706.84716796875,2659.854736328125,2697.377197265625,28704069,,10.129642096652995,23.747154216935645,
2025-01-14,2672.216552734375,2676.542724609375,2662.6279296875,2671.69384765625,16258839,,0.0,0.0,
2025-01-15,2691.53955078125,2703.3310546875,2669.015380859375,2672.216552734375,26186710,,33.8142224021163,79.27146353711133,
2025-01-16,2711.08544921875,2722.200439453125,2687.632080078125,2691.603759765625,18907714,,6.628079774901494,15.538360691810114,
2025-01-17,2705.391357421875,2718.19482421875,2701.546630859375,2715.95458984375,18370554,,19.36168759407635,45.39005196921829,
2025-01-21,2738.247802734375,2742.588134765625,2692.848876953125,2697.9599609375,24519711,,18.51965350605503,43.41605198448377,
2025-01-22,2753.50244140625,2766.901123046875,2737.862060546875,2738.247802734375,25899328,,0.0,0.0,
2025-01-23,2748.49853515625,2758.16357421875,2736.608154296875,2753.50244140625,21241581,,46.982040882057994,110.14108490775297,
2025-01-24,2760.5205078125,2768.620849609375,2736.465576171875,2748.49853515625,20775836,,8.94866743737145,20.978568012935572,
2025-01-27,2741.6376953125,2760.7138671875,2731.054931640625,2758.453857421875,25814720,,0.0,0.0,
2025-01-28,2761.539306640625,2768.795654296875,2736.024658203125,2741.6376953125,18882856,,8.087362731774322,18.95939147378168,
2025-01-29,2761.98876953125,2767.730224609375,2747.57861328125,2761.539306640625,17410677,,5.153210480006862,12.08079049717723,
2025-01-30,2794.09521484375,2795.134521484375,2761.411376953125,2762.085205078125,19789621,,13.060075956377652,30.61703808108569,
2025-01-31,2803.650390625,2818.287841796875,2790.624267578125,2794.09521484375,23826369,0.005333421796674725,14.367979074129114,33.683185605519675,3.177534141107068
2025-02-03,2835.10791015625,2848.783203125,2775.826416015625,2819.993896484375,72107354,0.005507694575435468,30.390635698177345,71.2454700560236,3.2625949246435724
2025-02-04,2853.481689453125,2854.546630859375,2814.729248046875,2835.10791015625,29816812,0.005549082975611822,0.0,0.0,3.2955492677921088
2025-02-05,2922.939208984375,2924.39306640625,2853.259765625,2853.481689453125,62349129,0.007061212333955783,40.623580743276584,95.23479976390061,3.8177535160998475
2025-02-06,2879.71435546875,2922.96728515625,2869.400146484375,2922.939208984375,49472952,0.008318386340433664,40.44391596128965,94.81360746070901,4.1233262208114505
2025-02-07,2879.148193359375,2908.0556640625,2871.872314453125,2879.71435546875,34537795,0.00836018891772317,18.27822466571115,42.850064770981305,4.1345511416635645
2025-02-10,2932.153076171875,2933.723388671875,2894.857177734375,2900.8505859375,30278999,0.008965678798253983,17.784351388821463,41.69226622706257,4.388206791679288
2025-02-11,2915.351318359375,2946.82666015625,2913.16748046875,2932.153076171875,48253595,0.008939801860733745,23.923364564187363,56.0840967798304,4.355517551122274
2025-02-12,2919.980712890625,2928.755859375,2896.02294921875,2915.35107421875,36329477,0.00891062081304676,19.024599450029193,44.59980843790602,4.353913029408468
2025-02-13,2948.385009765625,2949.472412109375,2913.4580078125,2919.980712890625,27352445,0.008968473905162436,18.448349090873325,43.24889139504619,4.413323312447418
2025-02-14,2913.375732421875,2956.328369140625,2899.497802734375,2948.385009765625,30927968,0.009663962772298182,18.11977234777527,42.47860133780655,4.5635413200795565
2025-02-18,2947.482177734375,2956.49072265625,2911.684326171875,2913.654296875,23945241,0.009724625983247468,0.0,0.0,4.634846375533195
2025-02-19,2947.259033203125,2958.538330078125,2930.628173828125,2947.482177734375,25825626,0.00959137565959469,12.672828025518658,29.709203801596555,4.595223164001705
2025-02-20,2953.584228515625,2964.85986328125,2942.252685546875,2947.259033203125,32522920,0.009587315485213879,19.66473540388403,46.10049395778425,4.603885894676267
2025-02-21,2948.56005859375,2956.21533203125,2937.228515625,2953.584228515625,27292241,0.009583920532319195,12.040769700587202,28.227454854000005,4.595053470560611
2025-02-24,2983.03564453125,2983.61669921875,2953.54052734375,2962.921142578125,37209498,0.009754711870432198,8.860673746409065,20.7722823683429,4.699728092949096
2025-02-25,2936.7890625,2995.641845703125,2919.672607421875,2983.03564453125,60043546,0.010427210065989831,16.930388852259842,39.690302104567564,4.824365828385345
2025-02-26,2929.378173828125,2940.166015625,2907.67041015625,2936.7890625,34921675,0.010470727553151014,0.0,0.0,4.8249396207787
2025-02-27,2885.31787109375,2930.34716796875,2874.47509765625,2929.378173828125,34563533,0.011213584360587963,56.275110322964295,131.9270425019321,4.966706287500663
2025-02-28,2859.841796875,2888.9853515625,2834.37353515625,2885.31787109375,47107062,0.01124593181646892,9.99838001675598,23.439433487574433,4.932103339419999
2025-03-03,2887.681884765625,2894.5810546875,2863.03271484375,2872.720703125,34065442,0.011398462106533154,41.88903077229715,98.20142353068762,5.024162446961007
2025-03-04,2928.694091796875,2935.3037109375,2877.0498046875,2887.79345703125,44912739,0.011550268538970811,29.824256358196116,69.91769387168394,5.139977409114335
2025-03-05,2932.400146484375,2939.20703125,2914.06689453125,2928.652099609375,27874804,0.01149511750519503,14.616580660435446,34.26598805325294,5.130309196076475
2025-03-06,2925.43212890625,2938.3359375,2907.433349609375,2932.400146484375,29840639,0.01016794707214464,38.52728990203111,90.32041666767508,4.729863768237106
2025-03-07,2929.04296875,2944.29443359375,2913.751220703125,2925.43212890625,29644800,0.009546051275846672,0.8922138375802814,2.0916375320411014,4.553545854135798
2025-03-10,2892.90087890625,2934.958251953125,2882.18603515625,2932.91162109375,42966208,0.009994585829235363,6.547409940412652,15.349244533313836,4.627115274898534
2025-03-11,2923.038330078125,2927.064208984375,2888.180419921875,2893.0947265625,28927609,0.009372188246061404,9.512911435611105,22.301338266250323,4.493390098737423
2025-03-12,2945.81005859375,2948.517822265625,2907.19921875,2923.038330078125,46453162,0.00943318811588364,14.285466831392807,33.489750246762846,4.54636494741297
2025-03-13,3002.5654296875,3004.666748046875,2944.99951171875,2945.81005859375,37789231,0.010320876042139047,19.789369733375974,46.39267709860296,4.900491474647341
2025-03-14,2995.009033203125,3028.61181640625,2989.633544921875,3002.5654296875,36997976,0.01016576542131205,39.5728890995804,92.7716390461549,4.841702897726938
2025-03-17,3012.169189453125,3015.623046875,2994.10986328125,3001.3935546875,26554930,0.009761621691635898,46.608038770219665,109.26430310810589,4.747708912786855
2025-03-18,3064.656005859375,3110.08203125,3007.85498046875,3012.169189453125,59115128,0.010145874966049441,17.929165493946225,42.03175728255816,4.94819778588096
2025-03-19,3065.502197265625,3080.2861328125,3047.512451171875,3064.656005859375,44492353,0.010142391185173533,14.428279569677159,33.824549451692505,4.948496093891852
2025-03-20,3055.897216796875,3070.974609375,3047.281982421875,3065.61669921875,31418490,0.010207361273625069,71.68516358510006,168.05318672454433,4.952845416679564
2025-03-21,3039.0849609375,3068.04345703125,3035.26513671875,3055.96142578125,74767888,0.010309920630853479,9.537639499586557,22.359308838468795,4.956765612997048
2025-03-24,3016.2470703125,3054.9560546875,3008.522705078125,3053.131103515625,65045372,0.0102108589047306,3.0009783560055574,7.035262958135218,4.889637413689358
2025-03-25,3027.99365234375,3042.994140625,3015.802001953125,3016.2470703125,57023322,0.009496744127274236,13.346460646630634,31.288416333141996,4.692446293729127
2025-03-26,3023.44189453125,3036.318359375,3019.199951171875,3027.99365234375,49939929,0.00947629949205277,19.778273996416747,46.36666510585858,4.679211171300771
2025-03-27,3058.93798828125,3063.087890625,3023.38232421875,3023.44189453125,63794019,0.008870299289286976,10.358990659406214,24.284821356323796,4.548774777407557
2025-03-28,3091.34423828125,3095.98876953125,3058.62255859375,3058.989501953125,82557785,0.008569408282709865,4.33833989523908,10.170470541280771,4.503948522675888
2025-03-31,3147.9853515625,3162.031982421875,3107.037353515625,3109.01318359375,115328458,0.009075550260187602,36.722091065799276,86.08844729035674,4.74580481207415
2025-04-01,3132.093505859375,3175.3701171875,3128.611572265625,3147.9853515625,88548906,0.008997661331534611,50.689349861262016,118.83221507987204,4.697451218975345
2025-04-02,3189.407470703125,3190.246337890625,3125.107421875,3132.0322265625,78184786,0.00957264692124345,22.46043751241894,52.65452306192476,4.966795891084947
2025-04-03,3125.58544921875,3192.056884765625,3079.376708984375,3189.3916015625,135848195,0.010931118879299522,0.0,0.0,5.292009243541354
2025-04-04,3053.608154296875,3144.027099609375,3044.38818359375,3125.681884765625,92767102,0.01242500218375032,0.0,0.0,5.626316055276854
2025-04-07,3005.760498046875,3063.08984375,2990.072265625,2999.47412109375,153272254,0.012649773839394992,48.304458689307815,113.24125955443273,5.60571705073602
2025-04-08,2998.99365234375,3034.911376953125,2993.9931640625,3005.78125,60268815,0.012522175748160957,81.26064011715559,190.50119779321815,5.5548303560932215
2025-04-09,3097.837646484375,3111.115234375,2993.7353515625,2998.99365234375,125771025,0.014335949134933988,32.75621027226568,76.79114123438627,6.299789858488777
2025-04-10,3215.109619140625,3215.7099609375,3097.83740234375,3097.837646484375,92903694,0.015980577816289872,0.0,0.0,7.067041321881704
2025-04-11,3262.376220703125,3267.642822265625,3213.47998046875,3215.109619140625,139772890,0.016100122590097552,111.05993659595102,260.3603776424215,7.209936701747229
2025-04-14,3233.981689453125,3268.380615234375,3212.87548828125,3245.33837890625,64777284,0.016359101448277947,122.22825408288585,286.5425225963456,7.2309373341961924
2025-04-15,3261.723876953125,3261.74560546875,3232.50146484375,3233.981689453125,53129119,0.01608535295168859,0.0,0.0,7.203677556787119
2025-04-16,3378.328857421875,3379.2763671875,3261.690673828125,3261.723876953125,100093175,0.017623244086846703,27.158792601112644,63.66898554663576,7.980755589608779
2025-04-17,3345.161376953125,3382.706787109375,3311.177978515625,3378.328857421875,80829109,0.017847891792018795,30.73778795296988,72.0593071148906,7.977551063450988
2025-04-21,3462.54296875,3469.19970703125,3369.112060546875,3369.112060546875,118341538,0.018905484487349772,51.896213507116,121.66149343378123,8.623679056998082
2025-04-22,3349.412841796875,3520.34521484375,3336.75146484375,3462.578857421875,229791524,0.02065763578785758,61.06513964371098,143.15641900882764,8.928789231971113
2025-04-23,3333.5869140625,3402.869384765625,3283.967041015625,3349.508056640625,157910054,0.02078142484066203,0.0,0.0,8.927866987309038
2025-04-24,3367.82861328125,3380.43212890625,3327.90625,3333.615478515625,98252813,0.020753578935434214,116.79343700382321,273.80155523679986,9.010193588125814
2025-04-25,3314.6845703125,3374.054931640625,3274.15478515625,3367.82861328125,104122961,0.02123265346169058,68.74767074219533,161.16675432288503,9.026811610003238
2025-04-28,3340.94189453125,3354.81494140625,3280.13818359375,3308.329345703125,73972537,0.021198916107674364,6.463976644253872,15.153649927719187,9.087046181467247
2025-04-29,3316.69580078125,3341.10546875,3309.70849609375,3340.94189453125,53962104,0.02106704501156976,25.773992530185783,60.42256671661715,8.977361467035736
2025-04-30,3284.044189453125,3325.6005859375,3283.040771484375,3316.787353515625,57028969,0.021188316310487423,44.75320825205561,104.91598103109249,8.928808781148394
2025-05-01,3249.65185546875,3285.217529296875,3220.96875,3284.044189453125,79074337,0.02104135689480471,15.82791823788531,37.10575474846282,8.787544644719741
2025-05-02,3255.711181640625,3280.336181640625,3243.95068359375,3249.72412109375,59456562,0.020443861563064793,40.926311435144456,95.94449832554687,8.609402745686841
2025-05-05,3347.807373046875,3355.917724609375,3260.736083984375,3262.800537109375,65423635,0.02032570163950136,28.8787633002515,67.70115263125139,8.813384250653758
2025-05-06,3408.97412109375,3453.528564453125,3341.9033203125,3347.807373046875,104989882,0.019939555477916114,17.583174605150212,41.22064284085362,8.84277462800272
2025-05-07,3385.758544921875,3409.47119140625,3368.314697265625,3408.97412109375,72248351,0.02007050576266938,86.00680994962012,201.62775348747545,8.82689073787215
2025-05-08,3322.320556640625,3415.100830078125,3306.023681640625,3385.7490234375,115448291,0.01977961870053764,72.26584251615832,169.41448577092646,8.564861807242918
2025-05-09,3335.34716796875,3349.89111328125,3289.4521484375,3322.320556640625,57507389,0.018076574834709577,0.0,0.0,8.030419841785568
2025-05-12,3246.299560546875,3295.341796875,3224.189697265625,3293.232177734375,93295703,0.018896355318338075,65.8966634511383,154.48307200041583,8.082147770366259
2025-05-13,3262.491455078125,3270.178466796875,3231.039794921875,3246.299560546875,48791856,0.01881525875148437,55.106979708244374,129.18856688861862,8.09600222531715
2025-05-14,3197.853515625,3262.79345703125,3184.67041015625,3262.6650390625,66774777,0.019248159294165536,32.76289871663156,76.80682110918465,8.07403586152807
2025-05-15,3247.022705078125,3260.589111328125,3146.50341796875,3197.853515625,81029407,0.01768710266000489,7.505619080692468,17.595596379626418,7.691301062940043
2025-05-16,3220.81884765625,3250.672607421875,3176.3857421875,3247.126953125,64782299,0.017649850943009658,2.2295950226755004,5.226891171434542,7.617233250096922
2025-05-19,3237.562255859375,3269.169921875,3226.36376953125,3248.294677734375,55843779,0.015501414374201309,41.35736227086731,96.95502076785822,6.961261678786153
2025-05-20,3304.14013671875,3313.3505859375,3221.489501953125,3237.562255859375,75196534,0.01473294898556746,52.20872241615032,122.3941152960538,6.850502729477582
2025-05-21,3323.07177734375,3330.77490234375,3300.771728515625,3304.14013671875,58382550,0.01476347395343152,0.0,0.0,6.899897531975665
2025-05-22,3309.6494140625,3347.823486328125,3295.61572265625,3323.07177734375,60248844,0.014582344875701408,82.99413883272648,194.56507891959316,6.8120804821245695
2025-05-23,3359.82861328125,3368.65087890625,3303.741455078125,3309.6494140625,69568467,0.01454737577034877,0.0,0.0,6.903612716600602
2025-05-27,3323.6201171875,3362.054443359375,3304.16552734375,3358.250732421875,45468637,0.014664432889414906,8.46056977355566,19.83430937230804,6.868118596310049
2025-05-28,3276.949951171875,3336.07470703125,3271.033935546875,3323.60888671875,46722486,0.01491366694469458,7.168565401601511,16.80543364530798,6.853349450003854
2025-05-29,3325.658447265625,3338.3994140625,3265.60107421875,3276.944580078125,39532930,0.015120553206902866,26.3900594354803,61.86682660935444,7.024020756781688
2025-05-30,3304.328857421875,3330.363037109375,3292.6767578125,3325.652099609375,45216304,0.014988828018157851,0.0,0.0,6.935444852906597
2025-06-02,3397.583984375,3401.8984375,3314.177978515625,3321.16845703125,59748072,0.016185257549668382,36.37559406804976,85.27614636572864,7.537674710291577
2025-06-03,3371.398193359375,3398.2119140625,3353.783935546875,3397.583984375,43730802,0.015103777128630107,22.50789076230069,52.76576881298728,7.114970381457146
2025-06-04,3391.85595703125,3394.611083984375,3361.70947265625,3371.398193359375,34406667,0.014583927560044856,45.067109106213564,105.65186606250734,6.98181878818894
2025-06-05,3383.27001953125,3419.04736328125,3364.1279296875,3391.85595703125,63332757,0.014512303077461495,11.899628618776203,27.896574551998178,6.939912941059779
2025-06-06,3337.0341796875,3397.171142578125,3331.33154296875,3383.27001953125,49491334,0.014207671450375275,2.511789122879218,5.888445326330234,6.743415328436412
2025-06-09,3347.86474609375,3358.4755859375,3321.42041015625,3341.7216796875,39451741,0.014199454508067883,22.238128537306686,52.133358990635024,6.762550610302729
2025-06-10,3339.11767578125,3359.947021484375,3326.4716796875,3347.86474609375,48147213,0.012736732329840923,39.400265625521214,92.36695384396981,6.256461736057366
2025-06-11,3376.78662109375,3387.135498046875,3339.048583984375,3339.11767578125,57271986,0.012904401170564362,5.232002707938314,12.265504939201037,6.3836597430161905
2025-06-12,3405.567626953125,3411.01708984375,3359.917236328125,3376.78662109375,102343218,0.011924754823998475,13.069656612558978,30.639498234925924,6.104443722021755
2025-06-13,3463.50830078125,3474.07421875,3405.470947265625,3405.567626953125,201510145,0.012017894949874373,21.72134302617296,50.921846766128546,6.240560923041522
2025-06-16,3430.68115234375,3483.946533203125,3406.404052734375,3478.812744140625,121511818,0.012091899475635444,47.699880584547536,111.82393312246838,6.206801449581517
2025-06-17,3415.851318359375,3434.504150390625,3396.036376953125,3430.68115234375,121912488,0.012197296107175789,0.9719940023321092,2.2786680171991285,6.215973179551408
2025-06-18,3396.397216796875,3418.177490234375,3386.3837890625,3415.851318359375,98392818,0.011576799886566999,50.2652830801013,117.83806551817821,5.96982654132138
2025-06-20,3396.124267578125,3396.2490234375,3364.264892578125,3390.5537109375,96591585,0.011536349482691678,16.69518256260199,39.13890256053592,5.955609320331479
2025-06-23,3371.472412109375,3413.211669921875,3371.2607421875,3405.340087890625,262740859,0.01163462841292519,22.403178636868915,52.520289755851294,5.945513093232315
2025-06-24,3345.960693359375,3386.28955078125,3324.18017578125,3371.472412109375,252072740,0.011282204537039557,7.256755854432341,17.012180563298998,5.782604127651552
2025-06-25,3352.491455078125,3355.158203125,3328.272705078125,3345.960693359375,87504704,0.011006641594885206,27.36102500843209,64.14308365577467,5.701508573345649
2025-06-26,3334.781005859375,3359.1396484375,3329.8466796875,3352.491455078125,80981829,0.010563324328684296,36.01602574672883,84.43320203497542,5.523552201515794
2025-06-27,3297.02099609375,3335.768310546875,3276.227783203125,3334.781005859375,117938054,0.010366102135395211,1.6284132486353988,3.8175268361182546,5.395983977596073
2025-06-30,3320.522216796875,3320.750732421875,3276.932861328125,3279.677734375,77258761,0.01039358955039575,23.76956574419884,55.7235426495066,5.443573898692186
2025-07-01,3347.624267578125,3363.854736328125,3319.70458984375,3320.522216796875,74294480,0.008317291433514108,16.059480696663766,37.64861197549967,4.792937668059986
2025-07-02,3354.521240234375,3365.677001953125,3336.669677734375,3347.624267578125,58302799,0.008170119286499238,44.624238904127076,104.6136352063048,4.753443151184579
2025-07-03,3336.215576171875,3363.6494140625,3322.82373046875,3354.521240234375,45756367,0.008109544586656551,17.59134079266636,41.23978702309224,4.707294527169295
2025-07-04,3344.007568359375,3347.813720703125,3332.328857421875,3336.215576171875,29570666,0.008127715774111578,2.0747384178641584,4.863857251689139,4.724365240227705
2025-07-07,3336.662841796875,3346.72412109375,3309.123291015625,3334.82666015625,50602170,0.007536882518471933,26.05625897848796,61.08429047883312,4.516847580420408
2025-07-08,3310.020751953125,3343.440673828125,3299.694091796875,3336.662841796875,58692410,0.00770058764755169,1.1155984194799924,2.615323173196271,4.534968864221444
2025-07-09,3320.2412109375,3324.59228515625,3294.10693359375,3310.020751953125,73207695,0.0077252942596906255,3.3575642976115456,7.871215627154644,4.557174826606713
2025-07-10,3323.185791015625,3330.75048828125,3316.0439453125,3320.2412109375,75806911,0.007242929133483429,19.266452901700774,45.16679107756325,4.400917496913296
2025-07-11,3348.716552734375,3362.080810546875,3322.164306640625,3323.185791015625,95643142,0.007188368607539698,22.715842959542943,53.25327595791337,4.416457284294811
2025-07-14,3349.468017578125,3368.7041015625,3344.493896484375,3355.9931640625,138553085,0.005852789866099915,6.346527650985729,14.878311536772088,3.9701005263147575
2025-07-15,3339.096435546875,3367.501708984375,3330.612548828125,3349.468017578125,105646272,0.00557110573554006,23.15540517700688,54.28375182926753,3.8637501165550896
2025-07-16,3352.666015625,3371.6728515625,3330.76318359375,3339.096435546875,90621226,0.005649636674832108,1.231237068616885,2.8864175325319534,3.905780610533347
2025-07-17,3341.968505859375,3352.8056640625,3323.059814453125,3352.666015625,102037783,0.005565300680645842,0.15608176836519086,0.365906098996815,3.86513342826414
2025-07-18,3352.09814453125,3367.42578125,3335.431640625,3341.968505859375,82253137,0.0056293798032886165,19.2889613620425,45.219558181654456,3.8983287513114746
2025-07-21,3396.414306640625,3401.713623046875,3352.7177734375,3352.7177734375,86758386,0.0061956001208989964,12.825483454541624,30.067077454038696,4.142178192934246
2025-07-22,3425.96630859375,3431.272216796875,3386.00244140625,3396.414306640625,70867613,0.0061642165051871015,17.977703693683488,42.14554650665661,4.167467121775328
2025-07-23,3395.912109375,3433.67041015625,3388.622802734375,3425.96630859375,70531871,0.00654978058839379,34.67518256075459,81.28983234686193,4.261842300110656
2025-07-24,3377.23291015625,3397.533935546875,3362.461181640625,3395.93505859375,75326286,0.006560357115249656,2.7174677287148183,6.370622438344505,4.241971995246329
2025-07-25,3347.402587890625,3380.54833984375,3338.378662109375,3377.23291015625,81979650,0.006341052416196661,36.824218713109566,86.32786749566603,4.131093519629551
2025-07-28,3321.647705078125,3351.046630859375,3316.77880859375,3346.609130859375,122390203,0.0064253872817155696,17.339145597700274,40.648559995475075,4.127321997694545
2025-07-29,3334.430908203125,3337.349853515625,3319.50390625,3321.672119140625,63250707,0.006206973492015931,30.092495733790415,70.5465336429723,4.070377230879651
2025-07-30,3298.161865234375,3339.599609375,3284.232177734375,3334.430908203125,103163540,0.006621603843293651,16.85345496721841,39.509944218755344,4.162855004367289
2025-07-31,3294.70703125,3319.705078125,3294.453369140625,3298.326171875,97136226,0.006532098155708677,0.0,0.0,4.129004900024919
2025-08-01,3363.060302734375,3365.18701171875,3289.944580078125,3294.70703125,135542547,0.00808183303213769,30.930243741288393,72.51048567001958,4.735852023340985
2025-08-04,3377.769287109375,3383.93212890625,3350.56103515625,3364.556640625,74296627,0.008107865096041552,0.0,0.0,4.765358204203256
2025-08-05,3383.94384765625,3388.201416015625,3353.650146484375,3377.769287109375,69310831,0.00785109963408947,63.29862520436176,148.392430858407,4.68718128606179
2025-08-06,3371.450927734375,3384.38671875,3363.515625,3383.94384765625,61404608,0.00790845920603771,3.199065451479024,7.499643116852528,4.689215543091667
2025-08-07,3393.938232421875,3395.64111328125,3370.40087890625,3371.450927734375,82388481,0.008016965510562848,14.120081871771484,33.10203446136636,4.757318600597353
2025-08-08,3385.68212890625,3395.737548828125,3378.337890625,3393.954833984375,96272816,0.007896962220276964,7.124336186657897,16.7017460739073,4.705116634700413
2025-08-11,3345.761962890625,3384.911865234375,3339.64306640625,3384.865478515625,114370621,0.00836829015689698,8.204302778144442,19.233536728746255,4.807334285213496
2025-08-12,3342.08251953125,3355.201171875,3333.8583984375,3345.761962890625,106976131,0.008341550565110892,11.056152414943632,25.919193781818173,4.793110910957729
2025-08-13,3355.372802734375,3357.244140625,3335.924560546875,3342.08251953125,86069571,0.0083393798593611,30.363742710429648,71.18242420294162,4.8114430694947945
2025-08-14,3332.57275390625,3361.502685546875,3326.78955078125,3355.372802734375,79417628,0.008451816396021536,2.1352199045521765,5.005645399576859,4.81621919094488
2025-08-15,3333.16943359375,3342.680419921875,3330.316162109375,3332.57275390625,51167294,0.008420085426020987,0.0,0.0,4.806505039821587
2025-08-18,3332.562255859375,3352.7255859375,3325.566650390625,3326.129150390625,64885208,0.00780229996184445,22.933211982367187,53.76285918481706,4.599748623904747
2025-08-19,3312.7373046875,3340.140869140625,3312.11865234375,3332.562255859375,58302615,0.007534647452947453,0.0,0.0,4.483719111491862
2025-08-20,3339.899169921875,3342.20751953125,3304.727294921875,3312.7373046875,71379170,0.007645420158292587,12.881196741410566,30.197687400825096,4.557479081995686
2025-08-21,3330.63134765625,3339.96142578125,3322.207275390625,3339.899169921875,40763232,0.007581314015974544,0.0,0.0,4.5234812278239325
2025-08-22,3363.837158203125,3364.5947265625,3318.493896484375,3330.63134765625,65715221,0.007680621110179918,20.402637110284537,47.83037399220548,4.601984831879208
2025-08-25,3342.993408203125,3363.775390625,3338.1396484375,3359.78466796875,88689694,0.007605800159662413,0.0,0.0,4.5484564036399036
2025-08-26,3378.823486328125,3382.510009765625,3341.374755859375,3342.993408203125,121546487,0.007920802798146324,21.209182037886514,49.72117591747585,4.7036404203114195
2025-08-27,3388.906494140625,3390.53955078125,3365.593994140625,3378.823486328125,68155472,0.0074476008713092135,3.353683907284877,7.862118738377128,4.557313208244949
2025-08-28,3416.549560546875,3423.413818359375,3380.219482421875,3388.906494140625,95688951,0.007572763365182995,25.12357984904387,58.897789227308714,4.637249270483486
2025-08-29,3464.145263671875,3464.145263671875,3408.04150390625,3416.49609375,122354714,0.006790339612472059,15.190493100974535,35.611424259434685,4.4308074986589485
2025-09-02,3549.216552734375,3556.07275390625,3488.816650390625,3502.559326171875,179387201,0.008519155444787712,29.004913638146444,67.99688978562723,5.153211923599671
2025-09-03,3575.163818359375,3588.295166015625,3544.250244140625,3549.216552734375,125651130,0.008583923388713074,84.94992253348869,199.15006787713148,5.214041122847189
2025-09-04,3560.2392578125,3577.904052734375,3535.200439453125,3575.163818359375,156809656,0.008603753606062409,57.887877288373424,135.70788939445998,5.19933508285891
2025-09-05,3593.828857421875,3599.922607421875,3551.5205078125,3560.2392578125,118545516,0.008691593644741712,10.621580251834413,24.900416210283655,5.279957179089777
2025-09-08,3639.5869140625,3648.126953125,3588.98291015625,3603.125,131952078,0.008861621713773343,16.959960514999544,39.759627637378145,5.409066884833781
2025-09-09,3643.721435546875,3676.3935546875,3634.000244140625,3639.5869140625,142254337,0.008115418359011896,39.09947556603608,91.66180475169585,5.143315795718655
2025-09-10,3643.07958984375,3661.307373046875,3631.875,3643.720947265625,112734609,0.008085613875249703,46.917515388614994,109.9898163013112,5.131551784103882
2025-09-11,3633.432373046875,3645.1357421875,3616.501220703125,3643.07958984375,111668035,0.008236090841705682,15.441577251346445,36.200046639516614,5.172637741318216
2025-09-12,3643.882080078125,3655.760986328125,3632.811767578125,3633.4365234375,85505614,0.007842139770089646,16.551491470173318,38.80204420967364,5.043963059119638
2025-09-15,3685.96630859375,3693.308837890625,3637.9560546875,3645.18603515625,113481805,0.007923800444161052,16.887635259727087,39.590073868908696,5.132317069633477
2025-09-16,3706.650146484375,3712.321044921875,3685.05712890625,3685.966552734375,134531177,0.007826889224585847,5.341727115395029,12.522734404998003,5.125195521087566
2025-09-17,3674.03955078125,3707.26025390625,3661.2451171875,3706.650146484375,147678915,0.008065868064885845,48.9945886366647,114.85914714939767,5.167906530338033
2025-09-18,3646.354248046875,3674.067138671875,3640.959716796875,3674.03955078125,112997749,0.008514848982028773,5.1757858463716495,12.133714450605513,5.292678712138503
2025-09-19,3690.746337890625,3695.15673828125,3644.882568359375,3646.354248046875,103557015,0.0085049358897932,33.87455112253825,79.41289355150876,5.353455105132311
2025-09-22,3761.20703125,3769.55859375,3692.9736328125,3693.28857421875,187529810,0.009005117028961885,4.069850964072035,9.541045731092195,5.643787348413703
2025-09-23,3774.19580078125,3801.018310546875,3754.390869140625,3761.20703125,177975572,0.008586518295415237,50.36276950220251,118.06660519190069,5.50528997106451
2025-09-24,3757.54638671875,3789.675537109375,3727.13330078125,3774.19580078125,156112102,0.008823231620233263,64.15881404135224,150.40899144098168,5.569950171632054
2025-09-25,3755.103759765625,3772.21728515625,3734.882080078125,3757.54638671875,200635887,0.008911775332150594,11.567191900349986,27.11723546533412,5.5995784577879695
2025-09-26,3775.42431640625,3793.227294921875,3744.859619140625,3755.103759765625,147736166,0.008884627581032149,25.87592897701346,60.661538686213504,5.619630869258774
2025-09-29,3848.826416015625,3856.798828125,3775.92529296875,3778.170654296875,209691735,0.009252613610706041,10.35511548702212,24.27573670008973,5.8705196144093845
2025-09-30,3875.141357421875,3881.315673828125,3812.7666015625,3848.826416015625,204819302,0.00808864373888792,32.467097317852975,76.11336704956874,5.459602363927284
2025-10-01,3874.288330078125,3905.34130859375,3867.0458984375,3875.141357421875,235440586,0.008122861676034602,38.46508470842853,90.17458759380652,5.471657567714943
2025-10-02,3866.750244140625,3898.494384765625,3835.4521484375,3874.288330078125,161400987,0.008018608534905953,56.566762445435764,132.6107693171485,5.420699442744604
2025-10-03,3886.2197265625,3891.8212890625,3848.3134765625,3866.750244140625,127644520,0.00792634554208032,6.987892583524764,16.381878179800022,5.412137791823843
2025-10-06,3984.27783203125,3985.987548828125,3907.906982421875,3915.343017578125,188734139,0.009066269133809316,20.169459056071585,47.28372928743061,6.002875487899896
2025-10-07,4003.220703125,4006.893798828125,3958.248779296875,3984.27783203125,224061222,0.009030098454842173,62.45354038455909,146.41127897260876,6.016935669021139
2025-10-08,4033.29296875,4075.859375,4001.847412109375,4003.220703125,376869291,0.008972628419060094,52.49153965867599,123.0571302979051,6.038955648414955
2025-10-09,4002.012939453125,4073.0302734375,3967.43994140625,4033.29296875,317075231,0.009273541221418838,45.55959814458297,106.80641950405223,6.112546481761022
2025-10-10,3991.026611328125,4032.46875,3727.296142578125,4001.93896484375,433411347,0.00942157821288875,2.8746811344559964,6.7391814610111584,6.154848273035301
2025-10-13,4144.38818359375,4144.6650390625,4032.360107421875,4041.551025390625,290477444,0.012022495652235145,39.98745584909352,93.74351746396738,7.469279299060679
2025-10-14,4180.63134765625,4201.255859375,4115.7099609375,4144.40869140625,452931055,0.012038315444482361,330.23505056169085,774.1776657752982,7.541212700491448
2025-10-15,4241.47607421875,4245.76171875,4175.45361328125,4180.63134765625,411421035,0.011643004514609258,87.59918811661146,205.36080244837797,7.483296996612545
2025-10-16,4442.3642578125,4456.70458984375,4230.1806640625,4241.47607421875,680521876,0.014166570443685064,62.484598107976396,146.48408831183124,8.958786805193114
2025-10-17,4241.09033203125,4442.75439453125,4199.84521484375,4442.37744140625,1010849676,0.018783963795107318,58.24038327216755,136.5342773240313,10.511161762740322
2025-10-20,4366.8720703125,4391.0146484375,4219.28271484375,4245.95068359375,473001799,0.019279832781944766,13.951392983931479,32.70657320064288,11.039440155450263
2025-10-21,4106.2548828125,4375.70068359375,4101.66259765625,4366.4150390625,633927270,0.024474983830029287,72.39709137357922,169.72217550253114,12.513862083588991
2025-10-22,4096.44775390625,4168.24609375,4027.8212890625,4105.94140625,688147366,0.024440316365301227,15.249921790564633,35.750744310739634,12.46977339224446
2025-10-23,4118.24072265625,4154.73046875,4076.088623046875,4096.44775390625,409493105,0.024409079058110645,204.7464483872558,479.9918337518118,12.523247905863716
2025-10-24,4112.50732421875,4140.70263671875,4050.417236328125,4118.29296875,346614090,0.024449134960809093,64.2426067874793,150.6054287134493,12.52228610900836
2025-10-27,3990.343994140625,4091.43310546875,3972.052978515625,4060.8505859375,426559845,0.025329933527876325,14.264317209379149,33.44016869878751,12.501776568911957
2025-10-28,3967.261962890625,4011.151123046875,3900.295654296875,3990.365234375,487066414,0.025363295742647035,49.69605614347741,116.50361364717797,12.442696062774674
2025-10-29,3953.506591796875,4030.86474609375,3929.268310546875,3967.919189453125,385104017,0.02538515973703379,80.7123594986775,189.21585086023444,12.40819843936668
2025-10-30,4038.202392578125,4038.5927734375,3928.4658203125,3953.515869140625,377256289,0.02576188010004591,30.333303256088357,71.1110642862116,12.826146045174061
2025-10-31,3998.996826171875,4038.231201171875,3974.190673828125,4038.231201171875,244996598,0.025895814251583184,0.0,0.0,12.755181476003047
2025-11-03,3991.654541015625,4022.40283203125,3963.77294921875,3978.682373046875,188244638,0.025304692652948334,48.108807155943374,112.78258914029041,12.495807236439134
2025-11-04,3929.777099609375,3992.373291015625,3918.82861328125,3991.65771484375,266737008,0.025525609658414754,16.149584373149366,37.859844107948206,12.388916408346338
2025-11-05,3971.510498046875,3987.314453125,3923.413818359375,3929.816650390625,215460834,0.025587063484958077,30.524472553900463,71.5592268918961,12.544890521945721
2025-11-06,3984.83203125,4016.47265625,3960.27978515625,3971.510498046875,141437903,0.02554085696820912,9.927744738876147,23.273841572187536,12.5685569974627
2025-11-07,3989.748046875,4010.287353515625,3977.96435546875,3984.82080078125,160575390,0.025533045837418444,38.41182428323675,90.04972794737274,12.580946155851478
2025-11-10,4111.927734375,4114.4580078125,4002.2373046875,4002.2373046875,160441680,0.02497320739542557,24.665265484668595,57.8233522643036,12.736016097902102
2025-11-11,4127.6044921875,4136.4775390625,4089.395263671875,4111.927734375,176750611,0.024905585594882932,25.42375365632083,59.60149362528009,12.756660657725675
2025-11-12,4179.14697265625,4200.0703125,4090.5361328125,4127.70166015625,194379076,0.024844747992491357,91.22839031074048,213.86882507801258,12.890531498803043
2025-11-13,4172.74658203125,4234.55810546875,4135.4140625,4179.14697265625,282000433,0.022152746402821163,1.1907776414497415,2.7915675617926623,11.747485523207331
2025-11-14,4069.39794921875,4198.9248046875,4026.6181640625,4172.74658203125,288564881,0.020496906106088755,47.02276488234271,110.2365551233701,10.782701993562245
2025-11-17,4023.780517578125,4091.27685546875,3998.51318359375,4090.2294921875,235331435,0.019184348097001345,35.789810199392036,83.90287969607952,10.133684745876035
2025-11-18,4065.880126953125,4070.540771484375,3994.989990234375,4023.712158203125,214219051,0.014220556922593696,108.14795019949356,253.53374059300955,8.22149246263171
2025-11-19,4093.896240234375,4120.90087890625,4049.492431640625,4065.86865234375,257807576,0.014303318748196837,21.10214051906789,49.470236009555435,8.312024825315024
2025-11-20,4068.984375,4098.97802734375,4035.74462890625,4093.896240234375,266352002,0.014310182047296026,57.00158643924758,133.63013726122276,8.264237791333903
2025-11-21,4062.59423828125,4095.275146484375,4015.0458984375,4068.984375,417654359,0.014310819764257266,22.342286480855282,52.377538866366734,8.251518297199254
2025-11-24,4139.75537109375,4139.9228515625,4034.6083984375,4064.77880859375,243007926,0.01318075595535151,3.7742136221070854,8.847976273658322,7.940421181568652
2025-11-25,4124.7265625,4151.7373046875,4111.12353515625,4139.68212890625,191004144,0.01312314496843249,20.45804216753194,47.96026134916224,7.8878316252695555
2025-11-26,4166.796875,4170.69140625,4124.60107421875,4124.7265625,176042580,0.013177564644875128,79.91793027244884,187.35345205387122,7.990959451185384
2025-11-28,4231.93359375,4232.99365234375,4160.10107421875,4160.14990234375,186132648,0.012803134873449227,13.979667057771664,32.77285676578935,7.957420525496529
2025-12-01,4246.2890625,4280.53076171875,4224.7861328125,4240.17041015625,368657376,0.012480838017189749,37.035563608079734,86.82332822033241,7.847556944603259
2025-12-02,4215.837890625,4246.2890625,4173.24853515625,4246.2890625,273063145,0.012647312443234575,67.56376885423762,158.39130574900676,7.8614631239681545
2025-12-03,4215.3046875,4244.29296875,4203.31640625,4215.765625,163826333,0.01192204682791729,34.81796659512612,81.62456426054496,7.554747281251064
2025-12-04,4213.90283203125,4222.91064453125,4186.560546875,4215.30810546875,104682837,0.011832893916661567,33.271279032798866,77.99862884075972,7.5146666793443355
2025-12-05,4211.54150390625,4260.30322265625,4203.70703125,4213.90283203125,142385431,0.011859643216893014,21.869424281108138,51.2689970764781,7.521721294001475
2025-12-08,4203.466796875,4226.6455078125,4190.03466796875,4214.53564453125,105245829,0.01190291489408865,17.81274095138587,41.75882053509592,7.525489149145026
2025-12-09,4215.78662109375,4224.67626953125,4185.6904296875,4203.466796875,93201123,0.009928077301736931,34.37328929881568,80.58209699156383,6.71499600644669
2025-12-10,4240.0341796875,4240.2177734375,4197.0791015625,4215.78662109375,117521855,0.009963363204620074,2.0181188545612994,4.7311227001009035,6.768579385039092
2025-12-11,4286.09228515625,4291.76220703125,4215.798828125,4240.015625,146232641,0.00987436852757781,11.804451395358795,27.673448386150746,6.803960310767371
2025-12-12,4309.79052734375,4361.49951171875,4279.5791015625,4286.09228515625,220987841,0.009893605027096611,19.49461846102959,45.70168487466641,6.849870630878872
2025-12-15,4316.8115234375,4362.5458984375,4308.05029296875,4319.20849609375,204543486,0.007699415116821801,66.8021509941251,156.60582738699824,5.913839193237102
2025-12-16,4322.4453125,4346.6689453125,4286.740234375,4316.76708984375,156123444,0.006958043425347147,29.60273507840427,69.39837641274941,5.601103373638627
2025-12-17,4359.79248046875,4360.025390625,4321.9638671875,4322.42333984375,168715927,0.006875006120808559,16.207886023341857,37.99652201473036,5.613295972616294
2025-12-18,4345.7919921875,4381.27978515625,4324.060546875,4359.697265625,157251700,0.006984410289574415,36.58155148778496,85.75897710761535,5.642814917202804
2025-12-19,4349.39208984375,4366.14111328125,4325.3486328125,4345.7919921875,87685799,0.006674633902283317,2.174000087674164,5.096558679668277,5.512755584803365
2025-12-22,4481.84814453125,4481.84814453125,4364.52685546875,4364.52685546875,270618178,0.008900147666907507,16.823153525928863,39.438907849214104,6.678082096220442
2025-12-23,4530.59375,4532.58447265625,4453.0517578125,4481.8984375,255786460,0.008397428720903368,41.07149653359778,96.28485910928188,6.522952912973754
2025-12-24,4493.84716796875,4539.56689453125,4466.32568359375,4530.54541015625,196299303,0.008682192778901416,92.88652506136137,217.75602871855034,6.598015389175211
2025-12-26,4553.92822265625,4568.3603515625,4508.970703125,4513.3798828125,250579217,0.008822785682365525,13.802198553892499,32.35681324815511,6.750253384535355
2025-12-29,4357.6005859375,4548.603515625,4339.3642578125,4548.603515625,386736970,0.013471314463441112,44.4140244571831,104.12082461708806,8.484881586544505
2025-12-30,4355.40380859375,4415.14990234375,4348.2578125,4357.599609375,264383662,0.013471465716403726,19.83465095916154,46.49883092334836,8.480670018593882
2025-12-31,4330.3779296875,4379.46826171875,4299.396484375,4355.3896484375,258885289,0.013427677363588256,143.5384305990682,336.5004622048054,8.412978605422463
2026-01-02,4341.74072265625,4407.814453125,4325.69921875,4356.533203125,252076491,0.013425005274225861,36.26080610369063,85.00704628638971,8.43389387871856
2026-01-05,4445.12109375,4461.5283203125,4381.34375,4383.18017578125,269534560,0.014302186638962534,27.42696133606888,64.29765971344275,9.024629477081735
2026-01-06,4509.8115234375,4514.12548828125,4433.3076171875,4445.12109375,286124817,0.01451451607655568,58.19354441785647,136.4244719147131,9.251722666732011
2026-01-07,4472.72314453125,4509.61376953125,4437.9931640625,4509.59765625,213971600,0.014706287260074488,54.3161159663051,127.33452672952748,9.26141107875266
2026-01-08,4478.43115234375,4483.83740234375,4420.20166015625,4472.69677734375,207328265,0.014712610233201449,9.473746051657345,22.209521950941145,9.276062022870116
2026-01-09,4503.35595703125,4513.21484375,4463.501953125,4478.48486328125,155409514,0.014710923865413728,26.280574637314224,61.61015886515852,9.326928713684573
2026-01-12,4605.93798828125,4633.5341796875,4537.42431640625,4538.0986328125,247284084,0.01527161627488275,45.05633957105785,105.6266187921944,9.797638447622962
2026-01-13,4601.09033203125,4636.41552734375,4584.9375,4605.955078125,190386912,0.015301387143229055,77.55582769128654,181.81592034881552,9.801024477463312
2026-01-14,4627.44287109375,4647.5947265625,4601.22705078125,4601.32763671875,227351428,0.01530404076182194,49.458476977733014,115.94665131486346,9.858387353586338
2026-01-15,4621.1728515625,4631.77490234375,4594.0517578125,4627.44287109375,205095287,0.015336490336774162,16.889520261623606,39.5944929224457,9.860025100913663
2026-01-16,4601.5517578125,4625.85302734375,4564.66748046875,4621.17333984375,160077490,0.01537800907266626,16.197375549983455,37.971882068979724,9.837265362194195
2026-01-20,4802.517578125,4805.4833984375,4674.91357421875,4681.84912109375,424692014,0.01779467141273909,6.054210960395201,14.193026759145917,11.427499400141151
2026-01-21,4807.76416015625,4908.0234375,4792.29541015625,4802.52978515625,603905573,0.017791386569134298,116.46519685524683,273.0320542658812,11.438404267141344
2026-01-22,4974.0048828125,4974.05224609375,4790.9736328125,4807.625,386296287,0.018120635279645875,123.82710444463434,290.29074447308795,11.997684772476815
2026-01-23,5001.9541015625,5002.3701171875,4919.294921875,4974.2080078125,470620421,0.018074764247221327,0.0,0.0,12.042155971533662
2026-01-26,5057.650390625,5122.58544921875,4989.9072265625,5063.76513671875,558707455,0.01784436817863288,134.98583530605467,316.450415279126,12.05971797046767
2026-01-27,5187.36669921875,5216.37451171875,5031.033203125,5057.62890625,9995704847,0.01831344751018623,74.20320094119498,173.95627992849364,12.612348762550912
2026-01-28,5536.52734375,5583.2763671875,5176.21337890625,5187.51708984375,867259322,0.019134847550049853,43.3080071810451,101.52796273979405,13.916053885051571
2026-01-29,5467.4462890625,5622.8056640625,5199.37890625,5539.32275390625,1754353415,0.019731658659743734,157.54594237039686,369.3385959765003,14.068722017537372
2026-01-30,4912.69970703125,5478.068359375,4764.73046875,5468.072265625,1914290677,0.03197416932289686,24.882783408381044,58.333284563002884,18.655637206946302
2026-02-02,4785.6171875,4874.06884765625,4480.91552734375,4760.39501953125,1410786086,0.032795550114363275,137.493242880502,322.3285888401433,18.566131535716682
2026-02-03,4956.98681640625,5007.56689453125,4775.52490234375,4785.65673828125,1024816385,0.03325648889663453,559.0309413431547,1310.5491634794298,19.45945856252888
2026-02-04,5023.80615234375,5109.70849609375,4895.40234375,4957.34521484375,842026339,0.033242830415671366,320.13229810756917,750.4935495691764,19.71490698540685
2026-02-05,4695.63037109375,5031.0419921875,4695.4365234375,5023.80615234375,939607344,0.036787256694591285,127.68564699065237,299.33641499319185,20.0913793477962
2026-02-06,4940.42236328125,4964.47314453125,4645.1982421875,4695.62744140625,642536828,0.03837810908576197,77.6947255199727,182.14154174064117,21.924728797564125
2026-02-09,5035.80712890625,5090.66943359375,4982.03857421875,5042.47900390625,397738338,0.038499555147225965,65.90245708069915,154.49665414017406,22.40918756849459
2026-02-10,5041.4326171875,5078.12158203125,5012.224609375,5035.93896484375,324927365,0.038316569683223355,362.21979051673947,849.160231304646,22.34196993047042
2026-02-11,5075.75927734375,5126.42822265625,5034.9912109375,5041.45849609375,327079620,0.03828891191032747,44.20561517619565,103.63224592016796,22.480055969644425
2026-02-12,4920.12548828125,5089.07958984375,4904.0029296875,5075.73486328125,351244996,0.03913945952745493,23.71163377318566,55.587731390173396,22.209248794059725
2026-02-13,5043.77783203125,5049.1640625,4920.123046875,4920.4189453125,248284572,0.039402525378711833,37.62383772877216,88.20243284541398,22.900095077058502
2026-02-17,4864.6728515625,4996.78125,4862.27294921875,4996.58544921875,354265905,0.04040198098057783,57.26323425328026,134.2435242823112,22.573113203405573
2026-02-18,4977.79296875,5010.5078125,4864.31005859375,4864.6689453125,196635743,0.039585121136563595,52.93860176522508,124.10518833267786,22.69139860660125
2026-02-19,4998.19921875,5025.89990234375,4965.244140625,4977.83642578125,191266170,0.03958498130116936,2.129812283242752,4.992968187888983,22.784351135010304
2026-02-20,5113.32421875,5118.9541015625,4996.56298828125,4998.19580078125,481853490,0.03917785777548494,105.63400734156332,247.64024621579372,23.1009743710332
2026-02-23,5255.55078125,5266.6416015625,5141.2685546875,5187.35009765625,351389818,0.03959408684567352,32.749678303681655,76.77582818938181,23.96227678696267
2026-02-24,5168.69970703125,5255.61669921875,5123.6923828125,5255.5546875,558750864,0.039786379547756726,152.93945192414225,358.53949389744525,23.665676363271757
2026-02-25,5179.78759765625,5227.966796875,5160.18310546875,5168.69921875,369044815,0.03939180808206151,11.199320769578446,26.254826666381902,23.512064315513634
2026-02-26,5196.6904296875,5209.55322265625,5159.09619140625,5180.11376953125,248573065,0.03616096360962996,66.16995860302174,155.12376414497456,21.909819705805834
2026-02-27,5291.09228515625,5306.8486328125,5185.5439453125,5196.646484375,447791436,0.03636554338293103,18.837315155779795,44.16075353591497,22.4160733808187
2026-03-02,5357.2265625,5456.1669921875,5281.94189453125,5436.48291015625,773396492,0.027686366058486303,27.624955320906416,64.76182159074305,18.046623827605114
2026-03-03,5144.81201171875,5392.74267578125,5037.482421875,5357.36767578125,1146238445,0.028642458739499242,101.82446878007596,238.7094568698508,17.822965160259944
2026-03-04,5176.455078125,5211.63037109375,5124.4111328125,5144.767578125,665360834,0.027660898089895282,62.79104458983463,147.2024978858802,17.42448450058317
2026-03-05,5102.1650390625,5200.16845703125,5072.2666015625,5176.45947265625,441253677,0.02778119271254419,272.5187478882795,638.872002718387,17.235792828331185
2026-03-06,5180.2177734375,5188.09814453125,5079.62353515625,5102.251953125,338083846,0.02308027017269094,11.645607553258632,27.3010670938236,15.06428510810997
2026-03-09,5146.44091796875,5157.08447265625,5048.9990234375,5083.27685546875,444742751,0.020366673716113667,19.948497386553463,46.76572373580187,13.569524247347701
2026-03-10,5195.64208984375,5237.45751953125,5133.818359375,5146.4404296875,449580260,0.020051047942172197,31.50838003953634,73.86582396350565,13.53526419889375
2026-03-11,5144.99365234375,5218.94091796875,5144.9111328125,5195.744140625,284945367,0.02021578867815948,88.95468343681497,208.5385214735983,13.48807801296681
2026-03-12,5111.07470703125,5187.41259765625,5076.0888671875,5144.75244140625,311506359,0.020242622959045005,30.417484641161984,71.30841265394902,13.41287155357489
2026-03-13,5029.34423828125,5128.43408203125,5013.28564453125,5111.05078125,427287454,0.019295982293225395,32.02208493546829,75.07011423055484,12.722290054285882
2026-03-16,5000.9228515625,5026.6572265625,4966.57763671875,4985.404296875,329380757,0.018504451564583482,59.70846826108378,139.97594291327076,12.254556559605946
2026-03-17,4994.1279296875,5025.3671875,4977.1796875,5000.90673828125,208848352,0.01655357947349843,103.12389324884252,241.75572770139922,11.263615402206096
2026-03-18,4827.228515625,5007.0517578125,4803.2021484375,4994.11181640625,540109298,0.0174501963493629,12.304605526270375,28.84597128139886,11.320012621893895
2026-03-19,4654.67138671875,4854.27197265625,4534.7275390625,4827.115234375,764931465,0.018996704830236227,18.443680236291012,43.23794609128079,11.635209250017573
2026-03-20,4509.33447265625,4738.2587890625,4502.55615234375,4654.63720703125,555289373,0.018899895347057168,149.74091073430526,351.04107981928377,11.228258205535978
2026-03-23,4444.1826171875,4498.6005859375,4150.93212890625,4471.2021484375,1522193090,0.017194825621915703,115.06424857954866,269.7477788259871,10.308265740012928
2026-03-24,4548.10546875,4548.2001953125,4324.2705078125,4444.18408203125,671416824,0.01844872413786069,230.85993595580075,541.2102865377367,11.119600693559029
2026-03-25,4499.9892578125,4594.74609375,4496.84619140625,4548.2041015625,535146071,0.018364574814034456,186.74765366759704,437.7968430652277,10.964094923916004
2026-03-26,4406.93994140625,4538.44384765625,4359.76123046875,4499.994140625,514313800,0.018450872638980625,183.05717657244386,429.1451722681293,10.77541386306243
2026-03-27,4499.17333984375,4546.03662109375,4384.46044921875,4406.93994140625,389276421,0.018666566652714586,56.485541124138116,132.42036029537311,11.097978326101218
2026-03-30,4507.97314453125,4571.29345703125,4429.2548828125,4452.66796875,381509751,0.018203068617293733,25.977079686419717,60.8986686334025,10.910740875448566
2026-03-31,4683.30615234375,4683.30615234375,4483.78662109375,4507.9443359375,490102271,0.019537713628941623,47.10577549636046,110.43115882544693,11.960158109247269
